序号,屏蔽字
Id,name
int,string
1,国办发
2,中办发
3,腐败中国
4,社会主义灭亡
5,打倒中国
6,灭亡中国
7,亡党亡国
8,粉碎四人帮
9,激流中国
10,特供
11,特贡
12,特共
13,zf大楼
14,殃视
15,贪污腐败
16,强制拆除
17,形式主义
18,政治风波
19,上海帮
20,北京帮
21,清华帮
22,红色贵族
23,权贵集团
24,河蟹社会
25,喝血社会
26,九风
27,9风
28,十7大
29,17da
30,九学
31,9学
32,四风
33,4风
34,双规
35,南街村
36,最淫官员
37,警匪
38,官匪
39,独夫民贼
40,城管暴力执法
41,强制捐款
42,毒豺
43,一党执政
44,专制政权
45,宪法法院
46,胡平
47,苏晓康
48,贺卫方
49,谭作人
50,焦国标
51,万润南
52,张志新
53,高勤荣
54,王炳章
55,高智晟
56,司马璐
57,刘晓竹
58,刘宾雁
59,魏京生
60,林昭的灵魂
61,别梦成灰
62,谁是新中国
63,讨伐中宣部
64,异议人士
65,民运人士
66,启蒙派
67,选国家主席
68,民一主
69,min主
70,民竹
71,民珠
72,民猪
73,chinesedemocracy
74,大赦国际
75,国际特赦
76,da选
77,投公
78,公头
79,宪政
80,平反
81,党章
82,维权
83,昝爱宗
84,宪章
85,08宪
86,08xz
87,中国公民
88,抿主
89,敏主
90,人拳
91,人木又
92,人quan
93,renquan
94,中国人权
95,中国的人权
96,中国新民党
97,群体事件
98,群体性事件
99,上中央
100,去中央
101,讨说法
102,请愿
103,请命
104,公开信
105,联名上书
106,万人大签名
107,万人骚动
108,截访
109,shangfang
110,信访
111,访民
112,集合
113,组织集体
114,静zuo
115,jing坐
116,示wei
117,you行
118,油行
119,游xing
120,youxing
121,反party
122,抗议
123,亢议
124,抵制
125,低制
126,底制
127,di制
128,抵zhi
129,dizhi
130,boycott
131,血书
132,焚烧中国国旗
133,baoluan
134,流血冲突
135,出现暴动
136,发生暴动
137,引起暴动
138,baodong
139,灭共
140,杀毙
141,罢工
142,霸工
143,罢考
144,罢餐
145,霸餐
146,罢参
147,罢饭
148,罢吃
149,罢食
150,罢课
151,罢ke
152,霸课
153,ba课
154,罢教
155,罢学
156,罢运
157,网特
158,网评员
159,网络评论员
160,五毛党
161,五毛们
162,5毛党
163,戒严
164,jieyan
165,jie严
166,戒yan
167,8的平方事件
168,知道64
169,八九年
170,贰拾年
171,2o年
172,20和谐年
173,贰拾周年
174,六河蟹四
175,六百度四
176,六和谐四
177,陆四
178,198964
179,5月35
180,89年春夏之交
181,64惨案
182,64时期
183,64运动
184,4事件
185,四事件
186,北京风波
187,学chao
188,xuechao
189,学百度潮
190,门安天
191,天按门
192,坦克压大学生
193,民主女神
194,历史的伤口
195,北高联
196,维多利亚公园
197,thegateofheavenlypeace
198,bloodisonthesquare
199,为了忘却的纪念
200,血洗京城
201,四二六社论
202,沈彤
203,封从德
204,王超华
205,王维林
206,吾尔开希
207,吾尔开西
208,侯德健
209,阎明复
210,蒋捷连
211,辛灏年
212,蒋彦永
213,严家其
214,陈一咨
215,中华局域网
216,党的喉舌
217,互联网审查
218,当局严密封锁
219,新闻封锁
220,封锁消息
221,爱国者同盟
222,网络封锁
223,金盾工程
224,gfw
225,自由门
226,何清涟
227,中国的陷阱
228,汪兆钧
229,维基百科
230,纽约时报
231,世界日报
232,基督教科学箴言报
233,星岛日报
234,美联社
235,中央社
236,雅虎香港
237,英国金融时报
238,自由亚洲
239,中央日报
240,自由时报
241,中国时报
242,反分裂
243,威胁论
244,左翼联盟
245,保钓组织
246,主权
247,弓单
248,火乍
249,木仓
250,石肖
251,核蛋
252,步qiang
253,bao炸
254,爆zha
255,baozha
256,zha药
257,zha弹
258,炸dan
259,炸yao
260,zhadan
261,zhayao
262,hmtd
263,三硝基甲苯
264,六氟化铀
265,炸药配方
266,弹药配方
267,炸弹配方
268,皮箱炸弹
269,火药配方
270,人肉炸弹
271,解放军
272,兵力部署
273,军转
274,军事社
275,8341部队
276,第21集团军
277,七大军区
278,7大军区
279,北京军区
280,沈阳军区
281,济南军区
282,成都军区
283,广州军区
284,南京军区
285,兰州军区
286,颜色革命
287,规模冲突
288,恐怖分子
289,三股势力
290,印尼屠华
291,印尼事件
292,蒋公纪念歌
293,mayingjiu
294,李天羽
295,苏贞昌
296,林文漪
297,陈s扁
298,陈随便
299,a扁
300,告全国同胞书
301,台百度湾
302,台完
303,台wan
304,taiwan
305,台弯
306,湾台
307,台军
308,台毒
309,台du
310,taidu
311,twdl
312,打台湾
313,两岸关系
314,两岸战争
315,攻占台湾
316,支持台湾
317,进攻台湾
318,占领台湾
319,统一台湾
320,收复台湾
321,登陆台湾
322,解放台湾
323,解放tw
324,解决台湾
325,光复民国
326,台湾问题
327,台海问题
328,台海危机
329,台海统一
330,台海大战
331,台海战争
332,台海局势
333,入联
334,入耳关
335,中华联邦
336,x民党
337,闹独立
338,duli
339,fenlie
340,日本万岁
341,小泽一郎
342,劣等民族
343,汉人
344,汉维
345,维汉
346,维吾
347,吾尔
348,东突厥斯坦解放组织
349,东突解放组织
350,蒙古分裂分子
351,列确
352,阿旺晋美
353,藏人
354,臧人
355,zang人
356,藏民
357,藏m
358,赖达
359,dalai
360,哒赖
361,dl喇嘛
362,丹增嘉措
363,打砸抢
364,西独
365,葬独
366,臧独
367,藏毒
368,藏du
369,zangdu
370,支持zd
371,藏暴乱
372,雪山狮子旗
373,啦萨
374,啦沙
375,啦撒
376,拉sa
377,lasa
378,la萨
379,藏西
380,xizang
381,xi藏
382,x藏
383,西z
384,tibet
385,希葬
386,希藏
387,硒藏
388,稀藏
389,西脏
390,西奘
391,西葬
392,西臧
393,援藏
394,bjork
395,王千源
396,安拉
397,回族
398,回民
399,穆罕穆德
400,圣战组织
401,清真
402,清zhen
403,qingzhen
404,真主
405,阿拉伯
406,韩国狗
407,满洲第三帝国
408,满狗
409,鞑子
410,胡的接班人
411,钦定接班人
412,平近习
413,xjp
414,习太子
415,老习
416,温x
417,温jia宝
418,温宝宝
419,温加饱
420,温加保
421,张培莉
422,温云松
423,温如春
424,温jb
425,胡温
426,胡x
427,胡jt
428,胡boss
429,胡总
430,胡王八
431,hujintao
432,胡jintao
433,胡j涛
434,胡惊涛
435,湖紧掏
436,锦涛
437,hjt
438,胡派
439,刘永清
440,胡海峰
441,胡海清
442,民泽江
443,江胡
444,江哥
445,江书记
446,江浙闽
447,江沢民
448,江浙民
449,择民
450,则民
451,茳泽民
452,zemin
453,ze民
454,老江
455,老j
456,江x
457,江派
458,江zm
459,jzm
460,江蛤蟆
461,江某某
462,江贼
463,江氏集团
464,江绵恒
465,江绵康
466,王冶坪
467,江泽慧
468,平小邓
469,xiao平
470,邓xp
471,邓晓平
472,邓朴方
473,邓榕
474,邓质方
475,猫泽东
476,猫则东
477,chairmanmao
478,猫贼洞
479,毛zd
480,毛zx
481,z东
482,ze东
483,泽d
484,zedong
485,毛太祖
486,毛相
487,主席画像
488,改革历程
489,朱镕鸡
490,朱云来
491,李peng
492,里鹏
493,李月月鸟
494,李小鹏
495,李小琳
496,华主席
497,华国
498,国锋
499,国峰
500,锋同志
501,白春礼
502,蔡赴朝
503,蔡武
504,常万全
505,陈炳德
506,陈德铭
507,陈建国
508,陈绍基
509,陈同海
510,戴秉国
511,丁一平
512,杜德印
513,杜世成
514,傅锐
515,郭金龙
516,胡春华
517,耀邦
518,黄华华
519,黄丽满
520,黄兴国
521,贾廷安
522,靖志远
523,李春城
524,李建国
525,李沛瑶
526,李荣融
527,李学举
528,李源潮
529,栗智
530,廖锡龙
531,林树森
532,林炎志
533,林左鸣
534,令计划
535,柳斌杰
536,刘奇葆
537,刘志军
538,路甬祥
539,罗箭
540,吕祖善
541,马飚
542,马恺
543,孟建柱
544,欧广源
545,沈跃跃
546,宋平顺
547,粟戎生
548,苏树林
549,孙家正
550,铁凝
551,屠光绍
552,王东明
553,汪东兴
554,王鸿举
555,王沪宁
556,王洛林
557,王胜俊
558,王学军
559,王振华
560,吴定富
561,无官正
562,吴胜利
563,奚国华
564,许其亮
565,徐绍史
566,杨洁篪
567,由喜贵
568,于幼军
569,袁纯清
570,曾宪梓
571,曾荫权
572,张定发
573,张荣坤
574,张志国
575,赵洪祝
576,紫阳
577,周生贤
578,朱海仑
579,中纪委
580,主席像
581,大陆当局
582,中国当局
583,北京当局
584,党产共
585,gcd
586,共贪党
587,阿共
588,共一产一党
589,产党共
590,公产党
591,工产党
592,共c党
593,共x党
594,共铲
595,供产
596,共惨
597,供铲党
598,供铲谠
599,供铲裆
600,共残党
601,共残主义
602,共产主义的幽灵
603,拱铲
604,老共
605,中珙
606,中gong
607,gc党
608,贡挡
609,gong党
610,g产
611,狗产蛋
612,共残裆
613,恶党
614,邪党
615,共产专制
616,共产王朝
617,裆中央
618,土共
619,土g
620,g匪
621,仇共
622,communistparty
623,症腐
624,政腐
625,政付
626,正府
627,政俯
628,政一府
629,政百度府
630,政f
631,zhengfu
632,政zhi
633,挡中央
634,档中央
635,中央领导
636,中国zf
637,中央zf
638,国wu院
639,中华帝国
640,gong和
641,大陆官方
642,北京政权 
643,安倍晋三
644,朴槿惠
645,伊丽莎白
646,蔡英文
647,蒋经国 
648,福音会
649,中国教徒
650,统一教
651,清海无上师
652,盘古
653,志洪李
654,轮法功
655,氵去车仑
656,发论工
657,法x功
658,法o功
659,法0功
660,法一轮一功
661,轮子功
662,车仑工力
663,法lun
664,fa轮
665,法lg
666,flg
667,fl功
668,falungong
669,大法弟子
670,dajiyuan
671,明慧周报
672,正见网
673,新唐人
674,伪火
675,退党
676,tuidang
677,退dang
678,超越红墙
679,自fen
680,九评
681,9评
682,9ping
683,九ping
684,jiuping
685,藏字石
686,集体自杀
687,自sha
688,zi杀
689,suicide
690,titor
691,逢8必灾
692,逢八必灾
693,逢9必乱
694,逢九必乱
695,朱瑟里诺
696,根达亚文明
697,诺查丹玛斯
698,人类灭亡进程表
699,按照马雅历法
700,推背图
701,推bei图
702,济世灵文
703,诸世纪
704,爱女人
705,按摩棒
706,拔出来
707,爆草
708,包二奶
709,暴干
710,暴奸
711,暴乳
712,爆乳
713,暴淫
714,被操
715,被插
716,被干
717,逼奸
718,仓井空
719,插暴
720,操黑
721,操烂
722,肏你
723,肏死
724,操死
725,操我
726,厕奴
727,插比
728,插b
729,插逼
730,插进
731,插我
732,插阴
733,潮吹
734,潮喷
735,成人论坛
736,成人色情
737,成人网站
738,成人文学
739,成人小说
740,艳情小说
741,成人游戏
742,吃精
743,赤裸
744,扌由插
745,抽一插
746,大波
747,大力抽送
748,大乳
749,荡女
750,盗撮
751,多人轮
752,发浪
753,放尿
754,肥逼
755,粉穴
756,封面女郎
757,风月大陆
758,干穴
759,裹本
760,国产av
761,好嫩
762,豪乳
763,黑逼
764,后穴
765,虎骑
766,花花公子
767,换妻俱乐部
768,几吧
769,鸡吧
770,寂寞男
771,寂寞女
772,激情
773,集体淫
774,奸情
775,脚交
776,金鳞岂是池中物
777,金麟岂是池中物
778,就去日
779,巨屌
780,菊花洞
781,菊门
782,巨奶
783,巨乳
784,菊穴
785,开苞
786,口爆
787,口活
788,口射
789,口淫
790,裤袜
791,狂插
792,浪逼
793,浪妇
794,浪女
795,狼友
796,聊性
797,流淫
798,铃木麻
799,凌辱
800,漏乳
801,露b
802,轮暴
803,轮操
804,裸陪
805,买春
806,美逼
807,美少妇
808,美乳
809,美腿
810,美穴
811,美幼
812,秘唇
813,密穴
814,蜜穴
815,蜜液
816,摸奶
817,摸胸
818,母奸
819,奈美
820,男奴
821,内射
822,嫩逼
823,嫩女
824,嫩穴
825,捏弄
826,女优
827,炮友
828,砲友
829,喷精
830,品香堂
831,前凸后翘
832,强jian
833,强暴
834,强奸处女
835,情趣用品
836,拳交
837,惹火身材
838,人妻
839,人兽
840,日逼
841,日烂
842,肉逼
843,肉唇
844,肉茎
845,肉具
846,揉乳
847,乳爆
848,乳沟
849,骚女
850,骚水
851,骚穴
852,色逼
853,色界
854,色猫
855,色盟
856,色情网站
857,色区
858,色色
859,色诱
860,色欲
861,色b
862,少年阿宾
863,少修正
864,射爽
865,射颜
866,食精
867,释欲
868,兽奸
869,兽欲
870,熟妇
871,熟母
872,熟女
873,爽片
874,爽死我了
875,双臀
876,死逼
877,丝袜
878,丝诱
879,松岛枫
880,酥痒
881,汤加丽
882,套弄
883,体奸
884,体位
885,舔脚
886,舔阴
887,调教
888,偷欢
889,偷拍
890,脱内裤
891,文做
892,我就色
893,无码
894,吸精
895,夏川纯
896,相奸
897,小逼
898,校鸡
899,小xue
900,写真
901,性感妖娆
902,性感诱惑
903,性虎
904,性饥渴
905,性技巧
906,性息
907,胸推
908,穴口
909,学生妹
910,穴图
911,亚情
912,要射了
913,夜勤病栋
914,一本道
915,一夜欢
916,一ye情
917,淫虫
918,淫电影
919,阴阜
920,淫妇
921,淫河
922,淫教师
923,阴精
924,淫浪
925,淫媚
926,淫糜
927,淫魔
928,淫母
929,淫女
930,淫虐
931,淫妻
932,淫情
933,淫色
934,淫声浪语
935,淫兽学园
936,淫书
937,淫术炼金士
938,淫亵
939,淫样
940,淫照
941,阴b
942,应召
943,幼交
944,幼男
945,幼女
946,欲火
947,欲女
948,玉女心经
949,玉蒲团
950,玉乳
951,欲仙欲死
952,玉穴
953,援助交际
954,招鸡
955,招妓
956,抓胸
957,自拍
958,99bb
959,a4u
960,a4y
961,adult
962,amateur
963,anal
964,gay片
965,g点
966,g片
967,hardcore
968,h动画
969,h动漫
970,incest
971,porn
972,secom
973,sexinsex
974,sm女王
975,xiao77
976,xing伴侣
977,tokyohot
978,yin荡
979,处男
980,猛男
981,少妇
982,屁股
983,下体
984,内裤
985,浑圆
986,咪咪
987,发情
988,刺激
989,白嫩
990,粉嫩
991,兽性
992,风骚
993,呻吟
994,阉割
995,高潮
996,裸露
997,不穿
998,脱光
999,诱奸
1000,发生关系
1001,快感
1002,安眠酮
1003,精神药品
1004,testosterone
1005,莫达非尼
1006,促性腺激素
1007,雄烯二醇
1008,地塞米松
1009,strychnine
1010,新型毒品
1011,mdma
1012,海luo因
1013,heroin
1014,diamorphine
1015,diacetylmorphine
1016,阿芙蓉
1017,咖啡因
1018,cocain
1019,美沙酮
1020,麻古
1021,凯他敏
1022,ketamine
1023,苯丙胺
1024,cannabis
1025,爱他死
1026,benzodiazepines
1027,甲基安非他明
1028,morphine
1029,乖乖粉
1030,narcotic
1031,穴海
1032,协警
1033,jq的来
1034,党鞭
1035,主席李世民
1036,发国难财
1037,炸学校
1038,社会黑暗
1039,国之母
1040,国母
1041,国姆
1042,震惊全球
1043,徐明
1044,暴力虐待
1045,暴力袭击
1046,粮荒
1047,李愚蠢
1048,中国猪
1049,台湾猪
1050,大sb
1051,刹笔
1052,沙比
1053,卧艹
1054,卧槽
1055,爆你菊
1056,艹你
1057,cao你
1058,你他妈
1059,真他妈
1060,别他吗
1061,草你吗
1062,草你丫
1063,擦你妈
1064,操你娘
1065,娘西皮
1066,狗草
1067,狗杂种
1068,操你祖宗
1069,操你全家
1070,操你大爷
1071,你麻痹
1072,麻痹的
1073,妈了个逼
1074,狗娘养
1075,贱比
1076,贱b
1077,全家死光
1078,全家不得好死
1079,全家死绝
1080,无耻
1081,杀b
1082,你吗b
1083,人渣
1084,混蛋
1085,媚外
1086,和弦
1087,兼职
1088,领导干部王八
1089,工商税务两条狼
1090,公检法流氓
1091,回民吃猪
1092,金正恩
1093,绝食
1094,k粉
1095,3p
1096,aids
1097,awazi
1098,a片
1099,bitch
1100,blow
1101,bt
1102,c a o
1103,cao
1104,dick
1105,din wa hayat
1106,freetibet
1107,fuck
1108,g.m
1109,gm
1110,gongchandang
1111,gyallu
1112,high粉
1113,husayin tajalli
1114,h站
1115,isil
1116,isis
1117,islam
1118,islam awazi radiosi
1119,istiqlatv
1120,j8
1121,jb
1122,jql
1123,kao
1124,king粉
1125,kissmyass
1126,k他命
1127,llf
1128,lys
1129,makelove
1130,ml
1131,ml花
1132,ml花革命
1133,ml花运动
1134,ml花運動
1135,nmd
1136,nnd
1137,npc
1138,penis
1139,radiosi
1140,rivals
1141,sb
1142,sdg
1143,sex
1144,sf
1145,shanda.games
1146,shandagames
1147,shit
1148,siddiqlar
1149,siddiqlartv
1150,sm
1151,snda
1152,suck
1153,szy
1154,t.m.d
1155,tmd
1156,tnnd
1157,turkistantv
1158,u/r
1159,ur
1160,u-r
1161,urban
1162,urban-rivals
1163,uyghurcongress
1164,weelaa
1165,wg
1166,www.erepublik.com
1167,xarki turkistan
1168,xinjiang 12
1169,yahxilarning bagqisi
1170,藏b
1171,操gm
1172,操xx
1173,插gm
1174,插那嗎b
1175,錯b
1176,錯那嗎b
1177,大花b
1178,二b
1179,干gm
1180,干x
1181,干你妈b
1182,幹bi
1183,幹x
1184,幹你媽b
1185,狗b
1186,滾那嗎b
1187,呼市sh狱中
1188,胡xx
1189,贾庆l
1190,賤b
1191,賤bi
1192,江core
1193,烂b
1194,濫b
1195,爛b
1196,妈b
1197,妈个b
1198,媽b
1199,卖b
1200,卖id
1201,卖qq
1202,毛xx
1203,那嗎b
1204,嫩b
1205,鸟gm
1206,牛b
1207,群p
1208,日gm
1209,日x妈
1210,日本ring
1211,骚b
1212,騷b
1213,傻b
1214,售id
1215,死gd
1216,死gm
1217,宋zu英
1218,宋祖y
1219,溫b
1220,小b樣
1221,曰gm
1222,装b
1223,大b
1224,大血b
1225,钓鱼岛
1226,尖阁列岛
1227,强奸
1228,大咪咪
1229,阴液
1230,*法*轮*功*
1231,*李*洪*志*
1232,16大
1233,18大
1234,18禁
1235,3400亿
1236,38军
1237,500人
1238,50名中将
1239,6700亿
1240,8 仙
1241,8仙
1242,阿扁
1243,阿扁万岁
1244,阿扁萬歲
1245,阿拉
1246,阿拉法特
1247,阿罗约
1248,阿弥陀佛
1249,啊無卵
1250,挨球
1251,艾森豪威尔
1252,爱液
1253,爱滋
1254,愛液
1255,愛滋
1256,愛滋病
1257,安非他命
1258,安南
1259,安全局
1260,垵
1261,奥巴马
1262,奥马尔
1263,奧巴馬
1264,奧馬爾
1265,嶴
1266,澳洲光明网
1267,八九
1268,八九风波
1269,扒光
1270,白痴
1271,白癡
1272,白粉
1273,白立樸
1274,白莲教
1275,白蓮教
1276,白夢
1277,白牙签
1278,班禅
1279,班禪
1280,办理文凭
1281,办理证件
1282,包皮
1283,薄谷开来
1284,薄穀開來
1285,薄瓜瓜
1286,薄熙来
1287,薄熙來
1288,薄一波
1289,保钓
1290,保护伞
1291,保监会
1292,保密局
1293,保卫台湾
1294,鸨
1295,鲍威尔
1296,鲍岳桥
1297,暴动
1298,暴動
1299,暴乱
1300,暴亂
1301,暴徒
1302,鮑戈
1303,鮑彤
1304,鮑伊
1305,爆菊
1306,爆头哥
1307,北大三角地論壇
1308,北京出事
1309,北京當局
1310,北京空中直升机
1311,北京之春
1312,北京直升机
1313,北京直升机满天飞
1314,北京装甲车
1315,北美自由論壇
1316,贝肉
1317,貝尤爾
1318,背景
1319,被立王
1320,被遗忘的雪域之歌
1321,本?拉登
1322,本拉登
1323,苯比
1324,笨屄
1325,笨逼
1326,笨蛋
1327,屄
1328,屄毛
1329,逼
1330,逼毛
1331,逼你老母
1332,逼样
1333,逼樣
1334,比的
1335,比毛
1336,比樣
1337,蹕
1338,变态
1339,變態
1340,颮
1341,鑣
1342,婊
1343,婊子
1344,婊子養的 
1345,宾周
1346,賓周
1347,冰毒
1348,冰粉
1349,波霸
1350,博爱小站
1351,博彩
1352,博讯
1353,博訊
1354,不滅帝王
1355,不爽不要錢
1356,布莱尔
1357,布萊爾
1358,布雷尔
1359,布什
1360,财政部
1361,彩票
1362,蔡崇國
1363,蔡啓芳
1364,参事室
1365,黲
1366,藏独
1367,藏獨
1368,藏妇会
1369,藏婦會
1370,藏青会
1371,藏青會
1372,操
1373,操逼
1374,操逼毛
1375,操比
1376,操蛋
1377,操鶏
1378,操林
1379,操那嗎B
1380,操那嗎逼
1381,操那嗎比
1382,操尼
1383,操你
1384,操你八辈祖宗
1385,操你八辈祖宗发票
1386,操你妈
1387,操你妈屄
1388,操你媽
1389,操你爺爺
1390,操妳妈
1391,操妳媽
1392,操他
1393,操他妈
1394,操他媽
1395,操她
1396,操她妈
1397,操她媽
1398,曹長青
1399,曹刚川
1400,曹剛川
1401,草的你妈
1402,草榴社区
1403,草妈
1404,草泥马
1405,草泥馬
1406,草拟妈
1407,草你
1408,草你妈
1409,草你媽
1410,草擬媽
1411,肏
1412,冊那
1413,册那
1414,册那娘餓比
1415,侧那
1416,测绘局
1417,测拿
1418,側那
1419,測拿
1420,曾培炎
1421,曾庆红
1422,曾慶紅
1423,插
1424,插那嗎逼
1425,插那嗎比
1426,插你
1427,插你妈
1428,插你媽
1429,插你爺爺
1430,插妳
1431,插深些
1432,柴玲
1433,覘
1434,产权局
1435,蕆
1436,囅
1437,閶
1438,常勁
1439,常受教
1440,常委
1441,超级力量2
1442,朝鲜
1443,车臣
1444,车仑
1445,車侖
1446,車侖女幹
1447,陈独秀
1448,陈功
1449,陈菊
1450,陈良宇
1451,陈水扁
1452,陈天桥
1453,陈希同
1454,陈晓宁
1455,陈毅
1456,陈云
1457,陈至立
1458,陈总统
1459,陳炳基
1460,陳博志
1461,陳定南
1462,陳獨秀
1463,陳建銘
1464,陳景俊
1465,陳菊
1466,陳軍
1467,陳良宇
1468,陳蒙
1469,陳破空
1470,陳水扁
1471,陳唐山
1472,陳天橋
1473,陳希同
1474,陳小同
1475,陳宣良
1476,陳學聖
1477,陳一諮
1478,陳毅
1479,陳雲
1480,陳至立
1481,陳總統
1482,成人电影
1483,成人片
1484,成人图片
1485,成人圖片
1486,程凱
1487,程鐵軍
1488,吃大便
1489,吃屎
1490,痴鳩
1491,痴拈
1492,鴟
1493,迟浩田
1494,持不同政見 
1495,赤匪
1496,赤色騎士
1497,赤色戰士
1498,抽插
1499,抽你丫的
1500,抽头
1501,抽頭
1502,筹码
1503,籌碼
1504,臭化西
1505,臭机
1506,臭机八
1507,臭鸡
1508,臭鸡巴
1509,臭機
1510,臭機八
1511,臭雞
1512,臭雞巴
1513,臭西
1514,出售此号
1515,出售假币
1516,出售枪支
1517,出售神符
1518,出售手枪
1519,出售账号
1520,处女
1521,处女膜
1522,處女膜
1523,傳染性病
1524,吹喇叭
1525,吹箫
1526,吹簫
1527,春夏自由論壇
1528,春药
1529,春藥
1530,纯一郎
1531,蠢猪
1532,蠢豬
1533,戳那嗎B
1534,戳那嗎逼
1535,戳那嗎比
1536,戳你
1537,輳
1538,粗制吗啡
1539,催情
1540,催情药
1541,催情藥
1542,鹺
1543,錯逼
1544,錯比
1545,錯那嗎逼
1546,錯那嗎比
1547,达菲鸡
1548,达赖
1549,达赖喇嘛
1550,达米宣教会
1551,達賴喇嘛
1552,達癩
1553,打倒共产党
1554,打飛機
1555,打炮
1556,大逼
1557,大便
1558,大波波
1559,大参考
1560,大參考
1561,大东亚共荣圈
1562,大東亞
1563,大東亞共榮
1564,大東亞共榮圈
1565,大法
1566,大鶏巴
1567,大纪元
1568,大纪元新闻网
1569,大紀元
1570,大紀元新聞網
1571,大紀園
1572,大家論壇
1573,大麻
1574,大麻树脂
1575,大麻油
1576,大奶媽
1577,大史紀
1578,大史記
1579,大卫教
1580,大衛教
1581,大学骚乱
1582,大血比
1583,大中國論壇
1584,大中華論壇
1585,大衆真人真事
1586,呆卵
1587,代挂
1588,代掛
1589,代开发票
1590,代開發票
1591,代练
1592,紿
1593,戴海静
1594,戴红
1595,戴晶
1596,戴维教
1597,戴維教
1598,戴相龍
1599,档案局
1600,党中央
1601,党主席
1602,黨中央
1603,氹
1604,荡妇
1605,蕩婦
1606,导弹
1607,倒卖军火
1608,盗窃犯
1609,道教
1610,盜竊犯
1611,德維爾
1612,登輝
1613,邓小平
1614,鄧小平
1615,鄧笑貧
1616,低能
1617,迪裏夏提
1618,糴
1619,地下教會
1620,帝都不太平
1621,帝国主义
1622,帝國主義
1623,帝顺
1624,蒂顺
1625,缔顺
1626,电监会
1627,电子共和国
1628,電視流氓
1629,叼你
1630,叼你妈
1631,叼你媽
1632,屌
1633,屌7
1634,屌鸠
1635,屌毛
1636,屌妳
1637,屌七
1638,屌西
1639,钓鱼台
1640,丁关根
1641,丁關根
1642,丁子霖
1643,东北独立
1644,东方闪电
1645,东升
1646,东条英机
1647,东突
1648,东突暴动和独立
1649,东突组织
1650,东亚病夫
1651,东正教
1652,東北獨立
1653,東方紅時空
1654,東方時空
1655,東南西北論談
1656,東社
1657,東升
1658,東條
1659,東條英機
1660,東突
1661,東突暴動
1662,東突獨立
1663,東土耳其斯坦
1664,東西南北論壇
1665,東亞病夫
1666,東院看守
1667,東正教
1668,董建华
1669,董贱华
1670,董文华
1671,懂文华
1672,動亂
1673,独裁
1674,独立
1675,独立台湾会
1676,獨裁
1677,獨裁政治
1678,獨夫
1679,獨立臺灣會
1680,赌博
1681,赌马
1682,赌球
1683,賭博
1684,賭馬
1685,賭球
1686,杜冷丁
1687,杜鲁门
1688,度母化声
1689,镀金现象
1690,多维
1691,多維
1692,屙
1693,额尔德尼
1694,額爾德尼
1695,恩格斯
1696,鮞
1697,二屄
1698,二逼
1699,二乙基酰胺发抡
1700,发抡功
1701,发伦
1702,发伦功
1703,发轮
1704,发论
1705,发论公
1706,发论功
1707,发票
1708,发骚
1709,發楞
1710,發掄
1711,發掄功
1712,發倫
1713,發倫功
1714,發輪
1715,發論
1716,發論公
1717,發論功
1718,發騷
1719,發正念
1720,廢物
1721,法(轮)功
1722,法*轮*功
1723,法~倫
1724,法~淪
1725,法~綸
1726,法~論
1727,法爾卡
1728,法功
1729,法克鱿
1730,法愣
1731,法掄
1732,法掄功
1733,法仑
1734,法轮
1735,法轮大法
1736,法轮功
1737,法侖
1738,法淪
1739,法綸
1740,法輪
1741,法輪大法
1742,法輪功
1743,法十輪十功
1744,法西斯
1745,法謫
1746,法謫功
1747,法制办
1748,反党
1749,反党反共
1750,反黨反共
1751,反动
1752,反封鎖
1753,反封鎖技術
1754,反腐敗論壇
1755,反革命
1756,反共
1757,反共反党
1758,反共反黨
1759,反共乳波臀浪
1760,反华
1761,反恐委员会
1762,反人类
1763,反人類
1764,反日
1765,反社会
1766,反社會
1767,反政府
1768,贩毒
1769,販毒
1770,方励之
1771,方勵之
1772,房事
1773,放蕩
1774,飛揚論壇
1775,废物
1776,費鴻泰
1777,費良勇
1778,分裂
1779,分裂中国
1780,分裂中國
1781,分裂祖国
1782,粉飾太平
1783,糞便
1784,鱝
1785,封從德
1786,封殺
1787,風雨神州
1788,風雨神州論壇
1789,馮東海
1790,馮素英
1791,佛教
1792,佛展千手法
1793,佛祖
1794,紱
1795,襆
1796,斧头镰刀
1797,輔助程序
1798,傅鹏
1799,傅作义
1800,富兰克林
1801,趕你娘
1802,干
1803,干爆
1804,干到
1805,干干
1806,干机
1807,干鸡
1808,干啦
1809,干勒
1810,干拎娘
1811,干林
1812,干尼
1813,干你
1814,干你妈
1815,干你妈逼
1816,干你娘
1817,干妳
1818,干妳老母
1819,干妳妈
1820,干妳娘
1821,干您
1822,干七八
1823,干汝
1824,干入
1825,干爽
1826,干死
1827,干死你
1828,干他
1829,干他妈
1830,干它
1831,干她
1832,干她妈
1833,干牠
1834,干我
1835,干一干
1836,幹
1837,幹爆
1838,幹逼
1839,幹比
1840,幹到
1841,幹的你
1842,幹幹
1843,幹幹幹
1844,幹機
1845,幹雞
1846,幹啦
1847,幹勒
1848,幹林
1849,幹尼
1850,幹你
1851,幹你老比
1852,幹你老母
1853,幹你媽
1854,幹你媽逼
1855,幹你娘
1856,幹妳
1857,幹妳娘
1858,幹您
1859,幹全家
1860,幹汝
1861,幹入
1862,幹爽
1863,幹死
1864,幹死你
1865,幹他
1866,幹他媽
1867,幹它
1868,幹她
1869,幹她媽
1870,幹牠
1871,幹我
1872,幹一幹
1873,幹一家
1874,冈村宁次
1875,冈村秀树
1876,肛
1877,肛交
1878,肛门
1879,肛門
1880,岡村甯次
1881,岡村秀樹
1882,岡巒
1883,钢珠枪
1884,剛比
1885,剛比樣子
1886,崗哨士兵
1887,港澳办
1888,高俊
1889,高丽棒子
1890,高丽朴
1891,高麗棒子
1892,高麗樸
1893,高文謙
1894,高校暴乱
1895,高校群体事件
1896,高校骚乱
1897,高薪養廉
1898,高治联
1899,高治聯
1900,高自联
1901,高自聯
1902,睾
1903,睾丸
1904,膏药旗
1905,膏藥旗
1906,搞栗棒
1907,戈揚
1908,鴿派
1909,革命
1910,葛莎雀吉
1911,鯁
1912,工自聯
1913,弓虽女干
1914,弓雖
1915,公安
1916,公安部
1917,公安局
1918,共产党
1919,共产主义
1920,共產黨
1921,共産
1922,共産黨
1923,共産主義
1924,共党
1925,共黨
1926,共匪
1927,共狗
1928,共軍
1929,共榮圈
1930,緱
1931,韝
1932,狗操
1933,狗操卖逼
1934,狗操賣逼
1935,狗誠
1936,狗干
1937,狗幹
1938,狗狼養的
1939,狗卵
1940,狗娘
1941,狗娘养的
1942,狗娘養的
1943,狗屁
1944,狗日
1945,狗日的
1946,狗屎
1947,狗養
1948,狗雜種
1949,覯
1950,轂
1951,古柯碱
1952,古柯鹼
1953,古龍祭壇
1954,古月金帛三寿
1955,谷俊山现象
1956,谷开来
1957,穀開來
1958,鯝
1959,鴰
1960,詿
1961,拐卖
1962,拐賣
1963,关押
1964,观世音
1965,观音法门
1966,官逼民反
1967,官商勾结
1968,關卓中
1969,貫通兩極法
1970,廣聞
1971,龟儿子
1972,龟公
1973,龟孙子
1974,龟头
1975,嬀
1976,龜兒子
1977,龜公
1978,龜孫子
1979,龜投
1980,龜頭
1981,鬼村
1982,劌
1983,滚
1984,滾
1985,滾那嗎
1986,滾那嗎錯比
1987,滾那嗎老比
1988,滾那嗎瘟比
1989,緄
1990,鯀
1991,郭伯雄
1992,郭俊銘
1993,郭羅基
1994,郭美美
1995,郭岩華
1996,国安局
1997,国防部
1998,国防科工委
1999,国管局
2000,国际法院
2001,国家民委
2002,国家统治者
2003,国家主席
2004,国家主要部委
2005,国民党
2006,国民党万岁
2007,国内动态清样
2008,国内动态详情
2009,国务委员
2010,国务院
2011,國家安全
2012,國家機密
2013,國軍
2014,國民黨
2015,國內動態詳情
2016,國賊
2017,蛤蛤姘头
2018,蛤蟆
2019,海洛因
2020,海洋局
2021,海政文工团
2022,頇
2023,韩正
2024,韓東方
2025,韓聯潮
2026,韓正
2027,漢奸
2028,好人乐园
2029,何候华
2030,和锅枪
2031,河殇
2032,河殤
2033,核工业基地
2034,核工業基地
2035,核潜艇
2036,核武器
2037,贺国强
2038,贺过墙
2039,贺龙
2040,賀國強
2041,賀國强
2042,賀龍
2043,赫鲁晓夫
2044,赫魯曉夫
2045,黑白无常
2046,黑社会
2047,黑社會
2048,黑手党
2049,黑手黨
2050,红十字商会
2051,红卫兵
2052,洪傳
2053,洪兴
2054,洪興
2055,洪哲勝
2056,洪志
2057,紅燈區
2058,紅色恐怖
2059,紅炎猛獸
2060,黌
2061,后台
2062,后庭
2063,鱟
2064,呼喊派
2065,呼和浩特
2066,呼伦贝尔
2067,胡椒基甲酮
2068,胡紧涛
2069,胡紧掏
2070,胡紧套
2071,胡锦涛
2072,胡锦淘
2073,胡緊掏
2074,胡錦滔
2075,胡錦濤
2076,胡錦淘
2077,胡景涛
2078,胡景濤
2079,胡乔木
2080,胡喬木
2081,胡耀邦
2082,胡志明
2083,胡主席
2084,胡总书记
2085,胡总书记，胡景涛
2086,胡總書記
2087,許財利
2088,許家屯
2089,許信良
2090,護法
2091,鸌
2092,花开时节
2093,花柳
2094,华国锋
2095,华建敏
2096,华盛顿
2097,華建敏
2098,華通時事論壇
2099,華夏文摘
2100,華語世界論壇
2101,華岳時事論壇
2102,鍰
2103,换妻
2104,換妻
2105,皇军
2106,皇軍
2107,黄　菊
2108,黄大仙
2109,黄菊
2110,黄片
2111,黄色
2112,黄色电影
2113,黄色小电影
2114,黄体酮
2115,黄牙签
2116,黃伯源
2117,黃慈萍
2118,黃大仙
2119,黃禍
2120,黃劍輝
2121,黃菊
2122,黃片
2123,黃色
2124,黃翔
2125,黃義交
2126,黃仲生
2127,回回
2128,回教
2129,回良玉
2130,回民暴动
2131,回民暴動
2132,回民吃猪肉
2133,回民吃豬肉
2134,回族人吃猪肉
2135,噦
2136,繢
2137,昏药
2138,鍃
2139,火棒
2140,机八
2141,机巴
2142,机叭
2143,机掰
2144,鸡八
2145,鸡巴
2146,鸡叭
2147,鸡芭
2148,鸡掰
2149,鸡鸡
2150,鸡奸
2151,鸡歪
2152,姬勝德
2153,基地组织
2154,基地組織
2155,基督
2156,基督教
2157,基友
2158,賫
2159,機巴
2160,機叭
2161,機掰
2162,積克館
2163,激情成人
2164,激情电影
2165,激情图片
2166,激情圖片
2167,激情小电影
2168,激情写真
2169,激情寫真
2170,激情自拍
2171,雞八
2172,雞巴
2173,雞叭
2174,雞掰
2175,雞雞
2176,雞奸
2177,雞歪
2178,鶏8
2179,鶏八
2180,鶏巴
2181,鶏吧
2182,鶏鶏
2183,鶏奸
2184,鶏毛信文匯
2185,鶏女
2186,鶏院
2187,吉跋猫
2188,集会
2189,覿
2190,计牌软件
2191,计生委
2192,妓
2193,妓女
2194,妓院
2195,鱭
2196,甲基可可碱
2197,甲卡西酮
2198,甲庆林
2199,贾庆林
2200,假青林
2201,假庆林
2202,假身份证
2203,賈慶林
2204,賈廷安
2205,賈育台
2206,奸
2207,奸暴
2208,奸夫淫妇
2209,奸你
2210,奸他
2211,奸她
2212,奸一奸
2213,奸淫
2214,间苯三酚
2215,戔
2216,监狱
2217,間苯三酚
2218,監獄
2219,鰹
2220,韉
2221,簡肇棟
2222,建國黨
2223,贱
2224,贱逼
2225,贱货
2226,贱人
2227,賤
2228,賤逼
2229,賤比
2230,賤貨
2231,賤人
2232,賤種
2233,江八
2234,江八点
2235,江八點
2236,江独裁
2237,江核心
2238,江羅
2239,江綿恒
2240,江青
2241,江戏子
2242,江戲子
2243,江择民
2244,江泽民
2245,江則民
2246,江澤慧
2247,江澤民
2248,江贼民
2249,江賊
2250,江賊民
2251,江折民
2252,江猪
2253,江猪媳
2254,江主席
2255,將則民
2256,僵贼民
2257,僵賊
2258,僵賊民
2259,薑春雲
2260,疆独
2261,疆獨
2262,蒋介石
2263,蒋经国
2264,蒋中正
2265,蔣介石
2266,蔣經國
2267,蔣中正
2268,講法
2269,酱猪媳
2270,醬猪媳
2271,交媾
2272,交配
2273,交通部
2274,姣西
2275,撟
2276,叫床
2277,叫鸡
2278,叫小姐
2279,教育部
2280,揭批書
2281,街头对抗
2282,癤
2283,訐
2284,解放军38军
2285,屆中央政治局委
2286,届中央政治局委
2287,届中央政治局委員
2288,金达莱
2289,金达莱革命
2290,金達萊
2291,金達萊革命
2292,金槍不倒
2293,金日成
2294,金色大厅
2295,金堯如
2296,金澤辰
2297,金正日
2298,巹
2299,錦濤
2300,禁书
2301,茎
2302,经济社会理事会
2303,经社理事会
2304,莖候佳陰
2305,經血
2306,精液
2307,精子
2308,警匪一家
2309,敬国神社
2310,靖国神社
2311,靖國神社
2312,静坐
2313,纠察员
2314,鸠
2315,鸠屎
2316,舊斗篷哨兵
2317,菊花蚕
2318,军车
2319,军车进京
2320,军队进京
2321,军国主义
2322,军妓
2323,军头私分五百公斤黄金
2324,军委深改组
2325,军长发威
2326,軍妓
2327,咖啡硷
2328,咖啡碱
2329,卡斯特罗
2330,开房
2331,開苞
2332,開放雜志
2333,砍翻一條街
2334,看中國
2335,尻
2336,靠
2337,靠你妈
2338,靠你媽
2339,柯賜海
2340,柯建銘
2341,嗑药
2342,嗑藥
2343,可待因
2344,可卡叶
2345,可卡因
2346,克林顿
2347,刻章办证
2348,刻章辦證
2349,緙
2350,掯
2351,恐怖份子
2352,恐怖主义
2353,恐怖主義
2354,瞘
2355,口交
2356,寇晓伟
2357,嚳
2358,狂操
2359,狂操你全家
2360,狂插处
2361,狂插處
2362,貺
2363,鄺錦文
2364,葵花子政变
2365,葵花子政變
2366,垃圾代理
2367,垃圾游戏
2368,拉登
2369,拉姆斯菲尔德
2370,拉皮條
2371,拉萨
2372,来插我
2373,来干
2374,来爽我
2375,來插我
2376,來幹
2377,來爽我
2378,赖昌星
2379,賴昌星
2380,賴士葆
2381,蘭迪
2382,览叫
2383,懒教
2384,覽叫
2385,烂屄
2386,烂逼
2387,烂比
2388,烂屌
2389,烂货
2390,烂鸟
2391,烂人
2392,滥交
2393,濫逼
2394,濫比
2395,濫貨
2396,濫交
2397,爛逼
2398,爛比
2399,爛袋
2400,爛貨
2401,爛鳥
2402,爛人
2403,郎咸平
2404,浪叫
2405,劳+教+所
2406,劳动保障部
2407,劳拉
2408,勞動教養所
2409,勞改
2410,勞教
2411,老逼
2412,老虎机
2413,老虎機
2414,老毛子
2415,老母
2416,老土
2417,乐透
2418,鰳
2419,誄
2420,离长春
2421,黎阳评
2422,李長春
2423,李大师
2424,李大師
2425,李大钊
2426,李登辉
2427,李登輝
2428,李弘旨
2429,李红志
2430,李宏旨
2431,李宏志
2432,李洪
2433,李洪寬
2434,李洪志
2435,李紅痔
2436,李繼耐
2437,李磕墙
2438,李克強
2439,李克强
2440,李岚清
2441,李蘭菊
2442,李老師
2443,李祿
2444,李錄
2445,李鹏
2446,李鵬
2447,李慶安
2448,李慶華
2449,李瑞环
2450,李瑞環
2451,李瑞英
2452,李山
2453,李淑嫻
2454,李铁映
2455,李鐵映
2456,李旺陽
2457,李先念
2458,李小鵬
2459,李月月鳥
2460,李长春
2461,李肇星务
2462,李志綏
2463,李總理
2464,李總統
2465,里根
2466,鱧
2467,轢
2468,连战
2469,連方瑀
2470,連惠心
2471,連勝德
2472,連勝文
2473,連戰
2474,联大
2475,联合国
2476,联合国大会
2477,联易
2478,联易互动
2479,廉政大論壇
2480,奩
2481,聯總
2482,梁光烈
2483,粮食局
2484,两个中国
2485,两国论
2486,两腿之间
2487,兩岸關係
2488,兩岸三地論壇
2489,兩個中國
2490,兩國論
2491,兩會
2492,兩會報道
2493,兩會新聞
2494,靓妹上门服务
2495,廖錫龍
2496,列宁
2497,列甯
2498,林保華
2499,林彪
2500,林長盛
2501,林佳龍
2502,林肯
2503,林信義
2504,林业局
2505,林正勝
2506,林重謨
2507,淋病
2508,躪
2509,灵灵教
2510,灵仙真佛宗
2511,淩鋒
2512,刘　淇
2513,刘伯承
2514,刘军
2515,刘乐飞
2516,刘淇
2517,刘少奇
2518,刘氏父子
2519,刘延东
2520,刘源
2521,刘云山
2522,留云三
2523,流氓
2524,劉賓深
2525,劉賓雁
2526,劉伯承
2527,劉剛
2528,劉國凱
2529,劉華清
2530,劉俊國
2531,劉凱中
2532,劉淇
2533,劉千石
2534,劉青
2535,劉山青
2536,劉少奇
2537,劉士賢
2538,劉文勝
2539,劉文雄
2540,劉曉波
2541,劉曉竹
2542,劉延東
2543,劉永川
2544,劉源
2545,劉樂飛
2546,劉雲山
2547,六.四
2548,六。四
2549,六?四
2550,六合彩
2551,六四
2552,六-四
2553,六四事件
2554,六四运动
2555,六四運動
2556,六四真相
2557,鷚
2558,龙 虎 门
2559,龙新民
2560,龙之崛起
2561,龍虎豹
2562,盧西德
2563,陆肆
2564,陸委會
2565,輅
2566,路易
2567,卵
2568,卵子
2569,乱交
2570,乱军亡政
2571,乱伦
2572,乱轮
2573,亂交
2574,亂倫
2575,亂輪
2576,掄功
2577,伦功
2578,轮干
2579,轮功
2580,轮奸
2581,轮流干
2582,轮盘赌
2583,倫功
2584,輪大
2585,輪幹
2586,輪功
2587,輪奸
2588,輪流幹
2589,輪盤賭
2590,罗　干
2591,罗干
2592,罗荣桓
2593,腡
2594,骡干
2595,羅福助
2596,羅幹
2597,羅禮詩
2598,羅榮桓
2599,羅文嘉
2600,羅志明
2601,裸聊
2602,裸体写真
2603,裸體寫真
2604,裸照
2605,濼
2606,吕秀莲
2607,呂京花
2608,呂秀蓮
2609,旅游局
2610,氯胺酮
2611,鋝
2612,妈逼
2613,妈比
2614,妈的
2615,妈卖妈屁
2616,妈批
2617,妈祖
2618,媽比
2619,媽的
2620,媽批
2621,媽祖
2622,麻黃素
2623,麻醉钢枪
2624,麻醉枪
2625,麻醉药
2626,麻醉乙醚
2627,嗎的
2628,嗎啡
2629,马的
2630,马加爵
2631,马克思
2632,马拉戈壁
2633,马勒戈壁
2634,马卖马屁
2635,马英九
2636,玛雅社区
2637,馬大維
2638,馬的
2639,馬克思
2640,馬良駿
2641,馬三家
2642,馬時敏
2643,馬特斯
2644,馬英九
2645,馬永成
2646,吗的
2647,吗啡
2648,吗啡碱
2649,吗啡片
2650,买财富
2651,买官卖爵
2652,买卖枪支
2653,麦角酸
2654,卖.国
2655,卖逼
2656,卖比
2657,卖财富
2658,卖党求荣
2659,卖国
2660,卖国求荣
2661,卖号
2662,卖卡
2663,卖软件
2664,卖淫
2665,麥角酸
2666,勱
2667,賣逼
2668,賣比
2669,賣國
2670,賣騷
2671,賣淫
2672,瞞報
2673,曼德拉
2674,毛厕洞
2675,毛厠洞
2676,毛片
2677,毛一鲜
2678,毛泽东
2679,毛澤東
2680,毛贼东
2681,毛賊
2682,毛賊東
2683,毛主席
2684,没有人权
2685,梅德韦杰夫
2686,梅德韋傑夫
2687,梅毒
2688,梅花革命
2689,梅花网
2690,美国
2691,美国佬
2692,美国神韵艺术团
2693,美国之音
2694,美國參考
2695,美國之音
2696,美利坚
2697,美美
2698,美女鲍鱼
2699,美女露鲍
2700,蒙尘药
2701,蒙独
2702,蒙獨
2703,蒙古达子
2704,蒙古達子
2705,蒙古鞑子
2706,蒙古独立
2707,蒙古獨
2708,蒙古獨立
2709,梦遗
2710,夢遺
2711,迷幻药
2712,迷幻藥
2713,迷魂粉
2714,迷魂水
2715,迷魂药
2716,迷奸
2717,迷奸药
2718,迷歼药
2719,迷情药
2720,迷药
2721,禰
2722,羋
2723,密洞
2724,密勒日巴道歌
2725,密宗
2726,民国
2727,民國
2728,民航局
2729,民进党
2730,民進黨
2731,民聯
2732,民意論壇
2733,民运
2734,民運
2735,民陣
2736,民政部
2737,民主
2738,民主兵工厂
2739,民主潮
2740,民主党
2741,民主墻
2742,民族解放运动
2743,緡
2744,湣
2745,黽
2746,鰵
2747,明慧网
2748,明慧網
2749,摸咪咪
2750,摸你鶏巴
2751,摩门教
2752,摩門教
2753,茉莉花
2754,茉莉花革命
2755,莫索里尼
2756,莫偉强
2757,墨索里尼
2758,墨索裏尼
2759,默罕默德
2760,默克尔
2761,谋杀
2762,謀殺
2763,嘸
2764,牡丹花革命
2765,木子論壇
2766,穆罕默德
2767,穆斯林
2768,拿破仑
2769,那嗎逼
2770,那嗎錯比
2771,那嗎老比
2772,那嗎瘟比
2773,那娘錯比
2774,纳粹
2775,納粹
2776,奶娘
2777,奶頭
2778,奶子
2779,南大自由論壇
2780,南华早报
2781,南華早報
2782,南联盟
2783,南蛮
2784,南蛮子
2785,南蠻
2786,南蠻子
2787,南苑机场
2788,南苑机场直升机
2789,鬧事
2790,嫩比
2791,能樣
2792,尼奧夫
2793,尼尔.伍德
2794,尼爾.伍德
2795,尼克松
2796,倪育賢
2797,鯢
2798,伱妈
2799,你爸
2800,你大爷
2801,你二大爷
2802,你老母
2803,你老味
2804,你姥
2805,你姥姥的
2806,你妈
2807,你妈逼
2808,你妈的
2809,你妈了妹
2810,你媽
2811,你媽逼
2812,你媽比
2813,你媽的
2814,你媽了妹
2815,你娘
2816,你是鸡
2817,你是鸭
2818,你說我說論壇
2819,你爷爷的
2820,妳老母的
2821,妳妈的
2822,妳马的
2823,妳娘的
2824,娘的
2825,娘餓比
2826,鸟你
2827,尿
2828,捏你鶏巴
2829,聂荣臻
2830,聶榮臻
2831,牛逼
2832,牛比
2833,牛头马面
2834,农业部
2835,儂著岡巒
2836,儂著卵拋
2837,虐待
2838,儺
2839,諾姆
2840,女幹
2841,拍肩神药
2842,排泄
2843,潘國平
2844,潘基文
2845,蹣 
2846,龐建國
2847,轡
2848,喷你
2849,噴你
2850,彭德怀
2851,彭德懷
2852,彭丽媛
2853,彭麗媛
2854,彭真
2855,皮条
2856,皮條客
2857,羆
2858,屁眼
2859,諞
2860,嫖娼
2861,嫖客
2862,姘头
2863,平西王
2864,苹果日报
2865,潑婦 
2866,破坏
2867,破鞋
2868,仆街
2869,普京
2870,骑你
2871,骑他
2872,骑她
2873,齊墨
2874,齊諾
2875,騎你
2876,騎他
2877,騎她
2878,起义
2879,起義
2880,气象局
2881,磧
2882,僉
2883,前国家政协副主席
2884,钱其琛
2885,鈐
2886,鉆石冰
2887,潜烈蟹
2888,錢達
2889,錢國梁
2890,錢其琛
2891,欠干
2892,欠幹
2893,欠骑
2894,欠騎
2895,欠人骑
2896,欠人騎
2897,槧
2898,枪决女犯
2899,枪决现场
2900,枪支弹药
2901,槍支彈藥
2902,錆
2903,強奸
2904,強奸犯
2905,强暴幼女
2906,强奸犯
2907,强卫
2908,强效失意药
2909,强硬发言
2910,抢劫
2911,搶劫
2912,乔石
2913,侨办
2914,喬石
2915,喬伊
2916,嶠
2917,譙
2918,鞽
2919,切七
2920,窃听器
2921,窃听器材
2922,篋
2923,亲民党
2924,禽獸
2925,唚
2926,青蒿素
2927,青天白日
2928,氢弹
2929,氢化可的松
2930,輕舟快訊
2931,情婦
2932,情色
2933,情獸
2934,氰化金钾
2935,檾
2936,慶紅
2937,親美
2938,親民黨
2939,親日
2940,丘垂貞
2941,詘
2942,去你的
2943,去你妈
2944,去你妈的
2945,去你媽
2946,去你媽的
2947,去妳的
2948,去妳妈
2949,去妳媽
2950,去死
2951,去他妈
2952,去他媽
2953,去她妈
2954,去她媽
2955,闃
2956,棬
2957,全范围教会
2958,全国人大
2959,全國兩會
2960,全國人大
2961,全裸
2962,全能神
2963,綣
2964,瘸腿帮
2965,瘸腿幫
2966,愨
2967,群交
2968,讓你操
2969,热比娅
2970,热那亚
2971,熱比娅
2972,熱比婭
2973,熱站政論網
2974,人大
2975,人大代表
2976,人代会
2977,人弹
2978,人民报
2979,人民報
2980,人民大会堂
2981,人民广场
2982,人民內情真相
2983,人民日报
2984,人民银行
2985,人民真實
2986,人民之聲論壇
2987,人權
2988,人肉
2989,人体炸弹
2990,日
2991,日本鬼子
2992,日軍
2993,日你
2994,日你妈
2995,日你媽
2996,日你娘
2997,日你爺爺
2998,日死
2999,日他娘
3000,肉棒
3001,肉壁
3002,肉洞
3003,肉缝
3004,肉棍
3005,肉壶
3006,肉壺
3007,肉体
3008,肉穴
3009,肉欲
3010,顬
3011,乳
3012,乳波臀浪
3013,乳房
3014,乳峰
3015,乳交
3016,乳头
3017,乳頭
3018,乳晕
3019,乳暈
3020,弱智
3021,撒尿
3022,撒切尔
3023,萨达姆
3024,萨马兰奇
3025,薩達姆
3026,塞白
3027,塞你爸
3028,塞你公
3029,塞你老母
3030,塞你老师
3031,塞你母
3032,塞你娘
3033,赛你娘
3034,赛妳娘
3035,赛他娘
3036,赛她娘
3037,賽你娘
3038,賽妳娘
3039,賽他娘
3040,賽她娘
3041,三K黨
3042,三班仆人派
3043,三个呆婊
3044,三个代婊
3045,三個代表
3046,三级片
3047,三級片
3048,三民主义
3049,三陪
3050,三陪女
3051,三去车仑
3052,三去車侖工力
3053,三唑仑
3054,三唑侖
3055,氵去
3056,氵去車侖工力
3057,氵去車侖工力?
3058,毿
3059,糝
3060,骚
3061,骚逼
3062,骚比
3063,骚货
3064,骚乱
3065,騷棒
3066,騷包
3067,騷逼
3068,騷比
3069,騷棍
3070,騷貨
3071,騷鶏
3072,騷卵 
3073,色情
3074,色情电影
3075,色情服务
3076,色情小电影
3077,杀人
3078,杀人犯
3079,殺你全家
3080,殺你一家
3081,殺人
3082,殺人犯
3083,傻屄
3084,傻逼
3085,傻比
3086,傻吊
3087,傻瓜
3088,傻卵
3089,傻鳥
3090,傻子
3091,煞逼
3092,煞笔
3093,煞筆
3094,釃
3095,山本五十六
3096,山口組
3097,删号
3098,删帖
3099,闪电行动
3100,善惡有報
3101,商务部
3102,上访
3103,上訪
3104,上海幫
3105,上海孤兒院
3106,上将
3107,上你
3108,上妳
3109,社會主義
3110,社科院
3111,厙
3112,射精
3113,射了還說要
3114,灄
3115,身份生成器
3116,詵
3117,神汉
3118,神漢
3119,神经病
3120,神經病
3121,神婆
3122,神通加持法
3123,神仙水
3124,諗
3125,升天
3126,生孩子沒屁眼
3127,生鸦片
3128,澠
3129,圣母
3130,圣女峰
3131,圣战
3132,盛大
3133,盛大遊戲
3134,盛大游戏
3135,盛華仁
3136,聖母
3137,聖戰
3138,失势风向标
3139,湿了
3140,濕了
3141,濕了還說不要
3142,濕了還說要
3143,鯴
3144,十八大
3145,十八摸
3146,十六大
3147,十年动乱
3148,十年动乱石进
3149,十七大
3150,时时彩
3151,实际神
3152,食捻屎
3153,食屎
3154,時代論壇
3155,時時彩
3156,時事論壇
3157,鰣
3158,驶你爸
3159,驶你公
3160,驶你老母
3161,驶你老师
3162,驶你母
3163,驶你娘
3164,屎
3165,屎你娘
3166,屎妳娘
3167,示威
3168,世界經濟導報
3169,世界维吾尔大会
3170,世界以利亚福音宣教会
3171,事實獨立
3172,是鸡
3173,貰
3174,释迦牟尼
3175,手淫
3176,受虐狂
3177,售号
3178,售软件
3179,兽交
3180,獸交
3181,攄
3182,數據中國
3183,刷游戏币
3184,双飞
3185,双峰微颤
3186,双重调查
3187,雙十節
3188,爽你
3189,水很深
3190,水利部
3191,水去车仑
3192,稅力
3193,税务总局
3194,司法部
3195,司馬晋
3196,司馬璐
3197,司徒華
3198,私/服
3199,私?服
3200,私\\服
3201,私彩
3202,私處
3203,私服
3204,私-服
3205,私—服
3206,私人服务器
3207,私人服務器
3208,斯大林
3209,死全家
3210,四川独立
3211,四川獨
3212,四川獨立
3213,四氢吡喃酮?
3214,四人帮
3215,四人幫
3216,宋楚瑜
3217,宋書元
3218,宋祖英
3219,苏家屯
3220,蘇家屯
3221,蘇南成
3222,蘇紹智
3223,蘇曉康
3224,蘇盈貴
3225,蘇貞昌
3226,孙文
3227,孙逸仙
3228,孙中山
3229,孫大千
3230,孫文
3231,孫逸仙
3232,孫中山
3233,他爹
3234,他干
3235,他幹
3236,他妈
3237,他妈的
3238,他媽的
3239,他嗎的
3240,他马的
3241,他吗的
3242,他母亲
3243,他母親
3244,他奶奶的
3245,他娘
3246,他祖宗
3247,她妈
3248,她妈的金日成
3249,她媽
3250,她娘
3251,塔利班
3252,鰨
3253,闥
3254,台办
3255,台独
3256,台独分子
3257,台独万岁
3258,台獨
3259,台獨分子
3260,台联
3261,台聯
3262,台湾
3263,台湾党
3264,台湾岛国
3265,台湾帝国
3266,台湾独立
3267,台湾分裂
3268,台湾共产党
3269,台湾共和国
3270,台湾狗
3271,台湾国
3272,台湾建国运动组织
3273,台湾民国
3274,台湾青年独立联盟
3275,台湾政论区
3276,台湾自由联盟
3277,台湾总统
3278,台灣島國
3279,台灣帝國
3280,台灣獨立
3281,台灣分裂
3282,台灣國
3283,台灣民國
3284,臺獨
3285,臺盟
3286,臺灣帝國
3287,臺灣獨
3288,臺灣獨立
3289,臺灣共産黨
3290,臺灣狗
3291,臺灣建國運動組織
3292,臺灣民國
3293,臺灣青年獨立聯盟
3294,臺灣政論區
3295,臺灣自由聯盟
3296,鮐
3297,太监
3298,太子党
3299,太子黨
3300,贪污军产
3301,湯光中
3302,唐柏橋
3303,唐家璇
3304,鞀
3305,謄
3306,天安门
3307,天安门事件
3308,天安門錄影帶
3309,天安門事件
3310,天安門屠殺
3311,天安門一代
3312,天父的儿女
3313,天皇
3314,天皇陛下
3315,天閹
3316,天主教
3317,田纪云
3318,田紀雲
3319,舔西
3320,齠
3321,鰷
3322,跳大神
3323,同一教
3324,統獨
3325,統獨論壇
3326,統戰
3327,偷窥
3328,偷窥视频
3329,投毒杀人
3330,投注
3331,透视软件
3332,突尼斯
3333,徒弟会
3334,屠杀
3335,屠殺
3336,土赫提
3337,摶
3338,推油
3339,鼉
3340,籜
3341,膃
3342,外　挂
3343,外/挂
3344,外\\挂
3345,外_挂
3346,外挂
3347,外-挂
3348,外—挂
3349,外掛
3350,外汇局
3351,外交部
3352,外交論壇
3353,外交與方略
3354,外阴
3355,外专局
3356,晚年周恩来
3357,晚年周恩來
3358,綰
3359,万税
3360,卍
3361,萬里
3362,萬潤南
3363,萬維讀者論壇
3364,萬曉東
3365,王八蛋
3366,王宝森
3367,王寶森
3368,王超華
3369,王丹
3370,王輔臣
3371,王刚
3372,王剛
3373,王涵萬
3374,王昊
3375,王洪文
3376,王滬寧
3377,王軍濤
3378,王乐泉
3379,王立军
3380,王岐山
3381,王潤生
3382,王世堅
3383,王世勛
3384,王太华
3385,王秀麗
3386,王樂泉
3387,王兆国
3388,王兆國
3389,王震
3390,网管
3391,網特
3392,威而钢
3393,威而鋼
3394,威而柔
3395,违规动用军费
3396,维也纳
3397,伟哥
3398,尾申鲸
3399,偉哥
3400,猥琐
3401,猥亵
3402,猥褻
3403,鮪
3404,卫生部
3405,尉健行
3406,慰安妇
3407,温加宝
3408,温家宝
3409,温家保
3410,温馨
3411,温总理
3412,溫逼
3413,溫比
3414,溫家寶
3415,溫元凱
3416,溫總理
3417,瘟家宝
3418,文化部
3419,文物局
3420,閿
3421,倭国
3422,倭寇
3423,我操
3424,我操你
3425,我干
3426,我幹
3427,我奸
3428,我咧干
3429,我咧幹
3430,我妳老爸
3431,我日
3432,我日你
3433,沃尔开西
3434,沃爾開西
3435,乌克兰分类
3436,无邦国
3437,无帮国
3438,无帮过
3439,无界浏览器
3440,吴　仪
3441,吴邦国
3442,吴帮国
3443,吴官正
3444,吴仪
3445,吳百益
3446,吳邦國
3447,吳敦義
3448,吳方城
3449,吳官正
3450,吳弘達
3451,吳宏達
3452,吳仁華
3453,吳淑珍
3454,吳學璨
3455,吳學燦
3456,吳儀
3457,吳育升
3458,吳志芳
3459,無界瀏覽器
3460,五十名中将
3461,五星红旗
3462,西藏
3463,西藏3.14事件
3464,西藏314事件
3465,西藏独立
3466,西藏獨
3467,西藏獨立
3468,西藏分裂
3469,西藏国
3470,西藏國
3471,西藏天葬
3472,西藏自由
3473,西哈努克
3474,吸毒
3475,吸毒工具
3476,希拉克
3477,希特勒
3478,希望之声
3479,悉尼
3480,习近平
3481,习明泽
3482,习远平
3483,习仲勋
3484,袭近平
3485,習近平
3486,習明澤
3487,習遠平
3488,習仲勳
3489,覡
3490,洗白
3491,洗脑班
3492,洗腦
3493,系统
3494,系统公告
3495,系统消息
3496,系统讯息
3497,郤
3498,餼
3499,下贱
3500,下賤
3501,下三烂
3502,下體
3503,下注
3504,先奸后杀
3505,先奸後殺
3506,鲜族
3507,薟
3508,躚
3509,蜆
3510,獫
3511,峴
3512,膁
3513,乡巴佬
3514,鄉巴佬
3515,想上你
3516,鯗
3517,項懷誠
3518,項小吉
3519,嘵
3520,小比樣
3521,小参考
3522,小參考
3523,小鸡鸡
3524,小鶏鶏
3525,小姐兼职
3526,小姐兼職
3527,小姐信息
3528,小泉
3529,小泉纯一郎
3530,小日本
3531,小肉粒
3532,小乳头
3533,小穴
3534,邪教
3535,谢长廷
3536,謝長廷
3537,謝深山
3538,謝選駿
3539,謝中之
3540,辛灝年
3541,新版假币
3542,新党
3543,新黨
3544,新觀察論壇
3545,新華舉報
3546,新華內情
3547,新華通論壇
3548,新疆7.5事件
3549,新疆暴徒
3550,新疆出事
3551,新疆独立
3552,新疆獨
3553,新疆獨立
3554,新疆分裂
3555,新疆国
3556,新疆國
3557,新疆事件
3558,新疆凶徒
3559,新生網
3560,新闻出版署
3561,新闻出版总署
3562,新闻管制
3563,新聞出版總署
3564,新聞封鎖
3565,新義安
3566,新語絲
3567,新约教会
3568,邢錚
3569,兴奋剂
3570,性爱
3571,性愛
3572,性高潮
3573,性交
3574,性奴
3575,性虐
3576,性虐待
3577,性事
3578,性视频
3579,性視頻
3580,性无能
3581,性無能
3582,性欲
3583,修行的女人
3584,頊
3585,徐才厚
3586,徐光春
3587,徐國舅
3588,徐向前
3589,諼
3590,薛偉
3591,穴
3592,学潮
3593,学生妹上门服务
3594,学运
3595,學潮
3596,學聯
3597,學運
3598,學自聯
3599,澩
3600,血逼
3601,血腥图片
3602,押大
3603,押小
3604,押注
3605,鸦片
3606,鸦片液
3607,鸦片渣
3608,鴉片
3609,雅蠛蝶
3610,亚历山大
3611,烟草局
3612,閹狗
3613,严方军
3614,阎王
3615,颜射
3616,閻明複
3617,顔清標
3618,顔慶章
3619,顔射
3620,嚴家其
3621,嚴家祺
3622,鹽酸羥亞胺
3623,艳照
3624,燕玲论坛
3625,讞
3626,央視內部晚會
3627,阳精
3628,阳具
3629,阳萎
3630,阳痿
3631,阳物
3632,陽具
3633,陽痿
3634,陽物
3635,楊懷安
3636,楊建利
3637,楊巍
3638,楊月清
3639,楊周
3640,姚羅
3641,姚文元
3642,姚月謙
3643,軺
3644,摇头丸
3645,摇头玩
3646,搖頭糖
3647,搖頭丸
3648,銚
3649,耶和华
3650,耶和華
3651,耶苏
3652,耶稣
3653,耶穌
3654,野鶏
3655,叶剑英
3656,夜半枪声
3657,夜話紫禁城
3658,夜情
3659,葉劍英
3660,葉菊蘭
3661,一边一国
3662,一邊一國
3663,一党专政
3664,一党专制
3665,一黨專政
3666,一贯道
3667,一貫道
3668,一国两制
3669,一陀糞
3670,一夜情
3671,一中一台
3672,一中一臺
3673,伊拉克
3674,伊朗
3675,伊力哈木
3676,伊斯兰
3677,伊斯兰国
3678,伊斯兰之声
3679,伊斯蘭
3680,伊斯蘭亞格林尼斯
3681,遗精
3682,遺精
3683,以茎至洞
3684,异地
3685,异見人士
3686,异議人士
3687,抑制剂
3688,易丹軒
3689,瘞
3690,阴部
3691,阴唇
3692,阴道
3693,阴蒂
3694,阴核
3695,阴户
3696,阴茎
3697,阴毛
3698,阴门
3699,阴水
3700,阴小撕大
3701,陰部
3702,陰唇
3703,陰道
3704,陰蒂
3705,陰核
3706,陰戶
3707,陰莖
3708,陰精
3709,陰毛
3710,陰門
3711,陰囊
3712,陰水
3713,吟稻雁
3714,淫
3715,淫荡
3716,淫蕩
3717,淫洞
3718,淫秽
3719,淫穢
3720,淫货
3721,淫貨
3722,淫贱
3723,淫賤
3724,淫叫
3725,淫乱
3726,淫亂
3727,淫毛
3728,淫靡
3729,淫湿
3730,淫濕
3731,淫水
3732,淫娃
3733,淫穴
3734,淫液
3735,淫语连连
3736,淫欲
3737,淫汁
3738,欽本立
3739,尹慶民
3740,英雄纪念碑
3741,罂傈
3742,罂粟
3743,罂粟壳
3744,映山红
3745,映山红革命
3746,映山紅
3747,映山紅革命
3748,硬挺
3749,尤比亞
3750,由喜貴
3751,邮政局
3752,铀
3753,遊行
3754,游行
3755,游錫坤
3756,游戏发奖员
3757,游戏宫理员
3758,游戏管理员
3759,幼齿
3760,幼齒
3761,于幼軍
3762,余英時
3763,俞正声
3764,俞正聲
3765,舆论钳制
3766,輿論
3767,輿論反制
3768,宇明網
3769,傴
3770,玉杵
3771,郁慕明
3772,欲火焚身
3773,飫
3774,鵒
3775,原子弹
3776,原子能机构
3777,援交
3778,援交妹
3779,远程偷拍
3780,遠志明
3781,曰你
3782,月经
3783,月经不调
3784,月經
3785,樂透
3786,躒
3787,韞
3788,杂种
3789,雜種
3790,再奸
3791,鏨
3792,早泄
3793,繰
3794,造愛
3795,造反
3796,則民
3797,擇民
3798,澤夫
3799,澤民
3800,賾
3801,賊民
3802,譖
3803,扎卡维
3804,扎卡维是英雄
3805,扎卡維是英雄
3806,渣波波
3807,占领中环
3808,占中
3809,驏
3810,张朝阳
3811,张潮阳
3812,张春桥
3813,张德江
3814,张高丽
3815,张磊
3816,张立昌
3817,张小平
3818,张晓军
3819,章孝嚴
3820,張伯笠
3821,張博雅
3822,張春橋
3823,張德江
3824,張鋼
3825,張高麗
3826,張健
3827,張立昌
3828,張林
3829,張清芳
3830,張偉國
3831,張溫鷹
3832,張曉軍
3833,張昭富
3834,張志清
3835,招鶏
3836,赵紫阳
3837,趙海青
3838,趙建銘
3839,趙南
3840,趙品潞
3841,趙曉微
3842,趙紫陽
3843,侦探设备
3844,真理教
3845,真人裸聊
3846,真善忍
3847,真主安拉
3848,镇压
3849,鎮壓
3850,爭鳴論壇
3851,正見網
3852,正義黨論壇
3853,政变
3854,政變
3855,政府
3856,政府无能
3857,政權
3858,政治
3859,政治反对派
3860,政治反對派
3861,政治犯
3862,政治机器2008
3863,政治局常委
3864,政治模拟2
3865,鄭寶清
3866,鄭麗文
3867,鄭義
3868,鄭餘鎮
3869,鄭源
3870,鄭運鵬
3871,支那
3872,縶
3873,躑
3874,指點江山論壇
3875,觶
3876,騭
3877,躓
3878,中俄邊界
3879,中共
3880,中共前党魁
3881,中共中央政治局
3882,中国恐怖组织
3883,中国民主党
3884,中国茉莉花革命
3885,中国茉莉花运动
3886,中国人寿
3887,中国之春
3888,中國復興論壇
3889,中國共産黨
3890,中國孤兒院
3891,中國和平
3892,中國論壇
3893,中國民主黨
3894,中國茉莉花革命
3895,中國茉莉花運動
3896,中國社會進步黨
3897,中國社會論壇
3898,中國威脅論
3899,中國問題論壇
3900,中國移動通信
3901,中國真實內容
3902,中國之春
3903,中國猪
3904,中华大陆行政执事站
3905,中华民国
3906,中華大地
3907,中華大衆
3908,中華講清
3909,中華民國
3910,中華人民實話實說
3911,中華人民正邪
3912,中華時事
3913,中華養生益智功
3914,中華真實報道
3915,中将
3916,中南海
3917,中全会
3918,中宣部
3919,中央委员
3920,中央政治局
3921,钟绍军
3922,鐘山風雨論壇
3923,鐘紹軍
3924,重庆810
3925,周恩来
3926,周恩來
3927,周鋒鎖
3928,周健康
3929,周克华
3930,周守訓
3931,周小康
3932,周永康
3933,周总理
3934,周總理
3935,粥健康
3936,粥永康
3937,轴永康
3938,碡
3939,肘永康
3940,籀
3941,朱德
3942,朱鳳芝
3943,朱立倫
3944,朱狨基
3945,朱容鸡
3946,朱容基
3947,朱溶剂
3948,朱溶劑
3949,朱熔基
3950,朱镕基
3951,朱总理
3952,邾
3953,猪操
3954,猪聋畸
3955,猪聾畸
3956,猪猡
3957,猪容基
3958,豬猡
3959,瘃
3960,主神教
3961,主席
3962,翥
3963,专政
3964,专制
3965,专制暴政
3966,專政
3967,專制
3968,顓
3969,转法轮
3970,轉法輪
3971,装屄
3972,装逼
3973,装甲车直升机
3974,追查国际
3975,窀
3976,倬
3977,卓伯源
3978,斫
3979,髭
3980,鲻
3981,鯔
3982,子宫
3983,子宮
3984,子女任职名单
3985,秭
3986,訾
3987,自焚
3988,自杀手册
3989,自杀指南
3990,自慰
3991,自已的故事
3992,自由民主论坛
3993,自由民主論壇
3994,自制手枪
3995,自治机关
3996,宗教
3997,宗教和生命
3998,总局
3999,总理
4000,总书记
4001,總理
4002,诹
4003,陬
4004,諏
4005,鄹
4006,鲰
4007,鯫
4008,走私
4009,走向圆满
4010,走向圓滿
4011,躜
4012,躦
4013,缵
4014,纘
4015,阝月
4016,左旋麻黃素
4017,作爱
4018,作愛
4019,坐台
4020,坐台的
4021,坐庄
4022,坐莊
4023,做爱
4024,做愛
4025,金三胖
4026,灵灵派
4027,阿鲁纳恰尔邦
4028,蓝鲸
4029,特朗普
4030,毒品
4031,天父的女儿
4032,港独
4033,世界以利亚
4034,血水圣灵
4035,门徒会
4036,灵山真宗佛
4037,岛国万岁
4038,共青团
4039,共青团中央
4040,改委
4041,特么的
4042,撕逼
4043,玛拉戈壁
4044,呆逼
4045,本屌
4046,齐B短裙
4047,丢你老母
4048,装13
4049,逼格
4050,蛋疼
4051,绿茶婊
4052,屌爆了
4053,买了个婊
4054,已撸
4055,妈蛋
4056,逗比
4057,我靠
4058,碧莲
4059,碧池
4060,然并卵
4061,日了狗
4062,屁民
4063,吃翔
4064,XX狗
4065,淫家
4066,你妹
4067,浮尸国
4068,滚粗
4069,妄议核心
4070,包子无知
4071,傻币包子
4072,习家班
4073,陕西都敏俊
4074,梁家河都敏俊
4075,大大上台
4076,习包
4077,习小弟
4078,朕习
4079,媛水近渴
4080,包子思想
4081,习同志红卫兵
4082,伟人赵王
4083,这届包子
4084,这届核心
4085,习门庆
4086,核心邪恶
4087,邪恶核心
4088,习老弟
4089,习近平发表发飙
4090,包核心
4091,记者无疆界新闻
4092,自由公敌
4093,无国界记者
4094,习近平妻舅
4095,习近平精神
4096,习忽悠
4097,普习金
4098,习近平主义
4099,习狗子
4100,习大大同款木亥心
4101,XJP同志为核心
4102,川普核心
4103,工农兵初中生
4104,包姐夫
4105,包子姐夫
4106,苞姐夫
4107,xitler
4108,X禁评
4109,梦核心
4110,天朝核心
4111,核心工农兵
4112,核心骗着
4113,习近平骗
4114,习近平包子
4115,核心大脑袋
4116,核心喊核心
4117,习氏威权
4118,息核心
4119,熙近平
4120,习河心
4121,毛泽东二世
4122,特朗普为核心
4123,核心大人
4124,江胡习
4125,习大草
4126,习大垃圾
4127,西大垃圾
4128,包了圣上
4129,习痞子
4130,庆丰博士
4131,刁李习jin
4132,毒菜包子
4133,毒菜馅包子
4134,著名初中生
4135,习带彭
4136,工农兵都当国家老大了
4137,习氏书单
4138,初中生皇帝
4139,大大的书单
4140,书记一封信
4141,习小胖
4142,习大胖
4143,书记公开信
4144,主席公开信
4145,主席一封信
4146,近平一封信
4147,近平公开信
4148,大大封信
4149,大大公开信
4150,天朝元首
4151,习公开信
4152,到处撒钱
4153,梁家河博士
4154,清华工农兵
4155,梁家河的博士
4156,大队博士
4157,二近平
4158,包子大大
4159,初中生登基
4160,包药丸
4161,庆丰习
4162,习某近平登基
4163,核心包子
4164,习总执掌
4165,肥仔习
4166,政令不出中南海
4167,带老婆出国
4168,胖习包子
4169,包子盛世
4170,包元盛世
4171,苞子梦
4172,我姓习
4173,薄习争
4174,习近平没姓习
4175,习尔瓦
4176,习阿玛
4177,江煮习
4178,蛤煮习
4179,初中生权威人
4180,夶经济学
4181,习卖国
4182,习贝勒
4183,习常态
4184,习导师
4185,习领袖
4186,叼特勒
4187,西禁评
4188,夕禁评
4189,嘻禁评
4190,习煮席
4191,屌禁评
4192,禁评帝
4193,希禁评
4194,袭禁评
4195,习野心家
4196,习阴谋家
4197,洗净屏
4198,倒习
4199,喜进乒
4200,习胖胖
4201,席禁评
4202,习总评
4203,包子皇
4204,包皇
4205,习后主
4206,习无耻
4207,习胖
4208,习哀宗
4209,习末君
4210,习七帝
4211,习炀帝
4212,习无作为
4213,洗禁评
4214,洗紧评
4215,习近泙
4216,刁犬犬
4217,习总禁书
4218,习桥桥
4219,洗茎瓶
4220,习禁瓶
4221,习近瓶
4222,习梦帝
4223,席梦死
4224,习近贫
4225,习肿
4226,习素鸡
4227,习总素鸡
4228,庆丰四年
4229,包子腊肉
4230,腊肉包子
4231,包子撒币
4232,庆丰年间
4233,撒币包子
4234,习大撒币
4235,习庆丰
4236,喜禁评
4237,习禁平
4238,习奧塞斯库
4239,习奧塞库
4240,习阿斗
4241,习梦死
4242,习泽东
4243,包员外
4244,刁太大
4245,习白猪
4246,习猪头
4247,庆丰三年
4248,庆丰二年
4249,庆丰一年
4250,习歪脖
4251,刁大人
4252,习净贫
4253,庆丰帝
4254,撒币帝
4255,习撒币
4256,刁大包子
4257,包撒币
4258,习草包
4259,庆丰元年
4260,习大帝
4261,包子帝
4262,习达姆
4263,刁禁瓶
4264,刁苞
4265,维尼习
4266,习维尼
4267,习茎瓶
4268,习夶
4269,媳紧平
4270,吸紧瓶
4271,细紧瓶
4272,西紧瓶
4273,刁紧瓶
4274,刁紧平
4275,刁夶
4276,改元庆丰
4277,刁禁评
4278,席近瓶
4279,洗近瓶
4280,席进屏
4281,习独裁
4282,习邪教
4283,习伪皇
4284,洗大大
4285,习哒哒
4286,习猪
4287,习宣统
4288,习崇祯
4289,毛二世
4290,刁皇上
4291,习狗
4292,习皇上
4293,抹黑习
4294,绑架习
4295,吸哒哒
4296,习呆逼
4297,习鸡皮
4298,刁远乎
4299,刁远凸
4300,刁远凹
4301,习大包子
4302,庆丰肉球帝
4303,习尽苹
4304,洗净品
4305,习熙来
4306,Xi
4307,进瓶习 
4308,mingze
4309,习溍苹
4310,习静平
4311,习逆子
4312,袭进平
4313,席特乐
4314,习特乐
4315,习梦思
4316,习梦撕
4317,习习蛤蛤
4318,习三胖
4319,包子政权
4320,包子党
4321,习无实权
4322,习明宇
4323,习爹雪
4324,习光绪
4325,习溥仪
4326,习尔巴乔夫
4327,习昏君
4328,习党
4329,习影帝
4330,习中央
4331,习共
4332,习猪席
4333,刁总
4334,刁总书记
4335,刁阿斗
4336,党近平
4337,习总日记
4338,习进瓶
4339,习净平
4340,习犬犬
4341,习近东
4342,习繁评
4343,叼犬犬
4344,习J平
4345,习净瓶
4346,习贱平
4347,习博士
4348,毛主习
4349,傻逼习总
4350,习总傻逼
4351,除习
4352,除xi
4353,黑习
4354,习皇帝
4355,习皇
4356,习精姘
4357,习茎平
4358,习禁贫
4359,习进评
4360,习近痞
4361,习假博士
4362,习近ping
4363,习近p
4364,习尽萍
4365,习尽平
4366,刁撒币
4367,习进平
4368,习近萍
4369,习近苹
4370,习近评
4371,习阴毒
4372,习进苹
4373,习大傻币
4374,习二代
4375,习jp
4376,废习
4377,耄猪习
4378,习金贫
4379,习劲瓶
4380,xi净瓶
4381,xi禁评
4382,西晋评
4383,吸尽平
4384,吸尽瓶
4385,吸进瓶
4386,xi见平
4387,习尽瓶
4388,刁近干
4389,刁明泽
4390,习金萍
4391,习金瓶
4392,习金平
4393,xi尽贫
4394,刁净瓶
4395,x近评
4396,习包子
4397,席尽贫
4398,席尽平
4399,席进平
4400,席近评
4401,席尽瓶
4402,席紧平
4403,刁近东
4404,刁梦撕
4405,刁梦死
4406,刁茎平
4407,刁禁贫
4408,刁进评
4409,刁近苹
4410,刁近评
4411,刁劲瓶
4412,刁尽瓶
4413,刁仲勋
4414,刁泽东
4415,刁总日记
4416,刁陛下
4417,刁金贫
4418,刁犬太
4419,刁太犬
4420,刁呆呆
4421,刁银平
4422,刁达姆
4423,刁庆丰
4424,刁进苹
4425,刁三胖
4426,刁独裁
4427,习劲平肿输鸡
4428,吸金平
4429,西京平
4430,席近平
4431,吸进平
4432,席进贫
4433,席进评
4434,喜金瓶
4435,习敬平
4436,x净瓶
4437,ⅹ禁评
4438,x金萍
4439,ⅹ金瓶
4440,x金平
4441,x建平
4442,x见平
4443,刁进瓶
4444,刁净平
4445,刁核心
4446,刁dd
4447,刁dada
4448,习姐夫
4449,撒币习
4450,洗总书记
4451,洗书记
4452,习大忽悠
4453,习粑粑
4454,习犬大
4455,习老虎
4456,习胖纸
4457,特色习
4458,习杂种
4459,习王八
4460,习打打
4461,习二逼
4462,习镜平
4463,习河蟹
4464,习文革
4465,吸金并瓦
4466,习废帝
4467,习疯子
4468,习腊肉
4469,习二婚
4470,刁二婚
4471,习败家
4472,习装逼
4473,习五世
4474,习毒菜
4475,习鞑靼
4476,习垃圾
4477,习犬太
4478,习太大
4479,习太犬
4480,习撒钱帝
4481,习萨比
4482,毛猪习
4483,习sb
4484,习楞
4485,刁近平
4486,西七帝
4487,席特勒
4488,毛近平
4489,包援外
4490,刁夫人
4491,刁包子
4492,羽近平
4493,刁包包
4494,刁帝
4495,吸精P
4496,刁金平
4497,刁皇
4498,刁近乎
4499,席金瓶
4500,吸金屏
4501,刁近千
4502,刁大犬
4503,刁斤平
4504,习大犬
4505,叼大犬
4506,袭明泽
4507,初中博士
4508,刁博士
4509,刁jin平
4510,xi金萍
4511,xi金瓶
4512,xi金平
4513,西近平
4514,吸金瓶
4515,吸精瓶
4516,xi建平
4517,xijp
4518,xijin平
4519,刁特勒
4520,刁金瓶
4521,刁大大
4522,刁core 
4523,Xi近Ping
4524,叼包子
4525,包子皇帝
4526,she金瓶
4527,席主席
4528,吸精平
4529,刁境平
4530,刁精姘
4531,刁近萍
4532,刁近泙
4533,core刁
4534,刁草包
4535,习近品
4536,习斤平
4537,庆丰朝
4538,大犬近平
4539,习近平上台
4540,习近平作秀
4541,包子作秀
4542,庆丰盛世
4543,庆丰五年
4544,习达达
4545,习民主
4546,瓶进刁
4547,瓶近刁
4548,刁达达
4549,习亡国
4550,习亡党
4551,xi特勒
4552,羽炊炊
4553,杂种书记
4554,撒大币
4555,习撒B
4556,习大撒B
4557,你大犬
4558,犬治时代
4559,庆丰新政
4560,倒习联盟
4561,倒xi联盟
4562,习李矛盾
4563,习李不和
4564,习李不信任
4565,习李打架
4566,习李斗
4567,习李争权
4568,习李内斗
4569,习李分歧
4570,习李权斗
4571,习李貌合神离
4572,习李争霸
4573,习李面合
4574,习李争
4575,习李纷争
4576,李闹剧
4577,南北院之争
4578,南北院分歧
4579,习二
4580,习左
4581,庆丰维新
4582,庆丰变法
4583,禁评大大
4584,禁评同志
4585,羽禁评
4586,习逆天
4587,习近平必死
4588,席进瓶
4589,庆丰撒钱
4590,习大撒
4591,习蛋蛋
4592,庆丰末年
4593,庆丰年
4594,习大夶
4595,初一博士
4596,羽夶
4597,你国大大
4598,你党大大
4599,闽江旧部
4600,之江新军
4601,习老夶
4602,习主席撒币
4603,习主席大撒币
4604,习撒逼
4605,薄习来
4606,习大撒夶
4607,习大撒逼
4608,羽夶猋
4609,某bigbig
4610,包夶
4611,包子夶
4612,包子傻逼
4613,包子是傻逼
4614,习包纸
4615,习强权
4616,习疯了了
4617,带鱼馅包子
4618,某习
4619,某刁
4620,习走毛路
4621,包帝半羽
4622,x独裁
4623,包子下台
4624,包子元年
4625,包子4年
4626,包子四年
4627,包子3年
4628,包子三年
4629,庆丰3年
4630,庆丰4年
4631,包子末年
4632,禁评治国
4633,禁评时代
4634,习住席
4635,当今圣上
4636,半羽大大
4637,习近平前妻
4638,习包子前妻
4639,习大大前妻
4640,撒币大帝
4641,萎人习习
4642,萎人
4643,习龟
4644,x总
4645,习李王
4646,习和谐
4647,习先森
4648,习近毛
4649,庆丰一朝
4650,包子梦
4651,撒币政权
4652,撒币外交
4653,洗尽贫
4654,年号庆丰
4655,刁那个
4656,犬犬习
4657,那个犬犬
4658,习拆婊
4659,庆丰朝药丸
4660,大撒钱
4661,包子经济学
4662,习舵手
4663,习剁手
4664,习船长
4665,包子大帝
4666,庆丰大帝
4667,某维尼苞
4668,反习总
4669,反对习总
4670,反习主席
4671,反对习主席
4672,反习大大
4673,反对习大大
4674,庆丰年末
4675,崇祯总统
4676,习发飙
4677,习徽宗
4678,习太岁
4679,习远仄
4680,包子无能
4681,屎包子领导全世界
4682,习特勒
4683,初中生领导
4684,全世界倒车经济学
4685,吃腊肉包
4686,初中S西特勤
4687,屎包子
4688,胸近平
4689,包特勒
4690,包子独裁
4691,包子毒菜
4692,叼近平
4693,叼总
4694,叼远凸
4695,习帝今上
4696,包子药丸
4697,初中红卫兵
4698,初中生治国
4699,蛤蟆包子
4700,蛤蟆馅包子
4701,羽主席
4702,羽书记
4703,羽总
4704,洗晋萍
4705,习钱孙
4706,习李张
4707,新百家姓
4708,新编百家姓
4709,习姓居首
4710,央视姓习
4711,党媒姓习
4712,习撒大撒B
4713,防政变
4714,江派搅局
4715,雹子帝
4716,习湖
4717,习特le
4718,大撒币
4719,大撒逼
4720,大撒夶
4721,大撒b
4722,xili新政
4723,习鸡平
4724,某人上台
4725,某习上台
4726,某大大上台
4727,某包子上台
4728,某包上台
4729,你大包
4730,大平清风帝
4731,包大熊
4732,初中可汗
4733,初中皇帝
4734,初中圣上
4735,羽包庆丰不识字
4736,习世凯
4737,习鸡巴
4738,鸡巴习
4739,一带一撸
4740,息撒币
4741,庆丰新制
4742,习近平博导
4743,习总博导
4744,猫肉包子
4745,习尽贫
4746,习爹草包
4747,庆丰庆丰
4748,草包小习子
4749,习效忠
4750,习的父亲
4751,习和薄
4752,腊肉馅的包子
4753,舔包子
4754,包子说
4755,包子强调
4756,包子称
4757,死包了
4758,包子上台
4759,包子刚上台
4760,习近平下台
4761,习近平辞职
4762,包子辞职
4763,习和李
4764,习近平自编汉语集锦
4765,领袖习近平
4766,领袖习大大
4767,习五
4768,某国老大
4769,你国老大
4770,习李
4771,习万岁
4772,习近平当皇
4773,习大大当皇
4774,习三年
4775,习x近j平p
4776,习大普奔
4777,巴拿马文件
4778,初中工农兵
4779,大大麻麻
4780,红卫兵掌权
4781,工农兵掌权
4782,红卫兵初中生
4783,初中生红卫兵
4784,千日维新
4785,千日新政
4786,千日变法
4787,习大大公开信
4788,大犬经济学
4789,庆丰N年
4790,习的政绩
4791,毛粪包子
4792,腊肉陷包子
4793,习六中全会有三大重磅动作
4794,张德江对习近平致命一击
4795,习江斗
4796,初中生包子
4797,初中包子
4798,红卫兵包子
4799,初中博士包子
4800,一撒一路
4801,梁家河图书馆
4802,梁家河村图书馆
4803,币撒大big
4804,撒大苞仔
4805,屌近瓶
4806,天子习刁
4807,sB蜥禁评
4808,平特勒X
4809,特勒蜥大大
4810,习 dd
4811,xidada
4812,刁哒哒
4813,扌撒币x大大
4814,bz上台
4815,党首习包砸
4816,习核心
4817,习书记
4818,习dada
4819,陝北初中生
4820,苞子庆丰
4821,御锦湾
4822,他大大
4823,进瓶
4824,反习
4825,习没
4826,习无
4827,习为工农兵
4828,清华派
4829,倒习信习朝
4830,某大大
4831,满世界撒钱刁老板
4832,喜达达
4833,习王
4834,稀哒哒
4835,习犬
4836,刁迁乎
4837,包大犬
4838,苞大犬
4839,习奀
4840,西金瓶
4841,习的席胖
4842,习井平
4843,习大脸
4844,习武帝
4845,庆丰爷xi
4846,太子习
4847,横肉习
4848,x刁金平
4849,龟裆席
4850,静平习
4851,羊羊习
4852,dada习
4853,呆呆习
4854,银平习
4855,倒向习
4856,大boss习
4857,得文武近太平
4858,习肥肥
4859,习猪脚
4860,习老二
4861,习明正
4862,习难堪
4863,习斤品
4864,习近驴
4865,习近熊
4866,习陛下
4867,黑习大大
4868,习大老板
4869,习他爹
4870,习爸爸
4871,习屌
4872,习爷
4873,习大爷
4874,习司令
4875,习大脑袋
4876,习小平
4877,近平习
4878,共习公子
4879,储习
4880,习储君
4881,习八条
4882,习x平
4883,习xx
4884,习jn平
4885,习JINPING
4886,习core
4887,习boss
4888,习建平
4889,习见平
4890,习积平
4891,习和平
4892,习合体
4893,习汉奸
4894,习肥猪
4895,习翻脸
4896,习二哥
4897,习倒霉
4898,习大傻
4899,习境平
4900,习新主
4901,习新政
4902,习无能
4903,习太阳
4904,习涉嫌
4905,习上台
4906,习主
4907,习大胖子
4908,习仅凭
4909,习大佬
4910,习zx
4911,习爷爷
4912,习领导
4913,习官员
4914,习富平
4915,刁色狼
4916,小刁
4917,哒哒刁
4918,刁猪头
4919,刁主席
4920,刁胖
4921,刁竹席
4922,刁书记
4923,刁进平
4924,刁哥
4925,刁司令
4926,兮大大
4927,xijinping
4928,xiboss
4929,xizhuxi
4930,presidentxi
4931,近平
4932,zhuxi
4933,xi胖子
4934,Xi总
4935,X近P
4936,晋萍
4937,禁评
4938,西进品
4939,习老板
4940,洗金品
4941,刁大畜
4942,刁大脸
4943,习董事长
4944,刁大胖
4945,煮习
4946,刁主西
4947,大刁皇
4948,刁大忽悠
4949,袭镜萍
4950,近萍
4951,习平平
4952,总属鸡
4953,x胖子
4954,刁胖胖
4955,草刁
4956,刁大boss
4957,刁肥肥
4958,刁猪脚
4959,刁派
4960,刁老二
4961,刁难堪
4962,刁大鼻子
4963,大大刁
4964,刁da大
4965,刁鸵
4966,刁伪皇
4967,刁洗牌
4968,刁邪教
4969,刁近驴
4970,刁近熊
4971,刁绑架
4972,刁王体制
4973,刁维尼
4974,刁他爸
4975,刁他爹
4976,刁爸爸
4977,刁大普奔
4978,刁j
4979,刁小平
4980,刁傻逼
4981,刁肿
4982,刁二
4983,刁二爷
4984,刁二胖
4985,刁朝
4986,刁党
4987,姓刁的
4988,刁君
4989,刁平
4990,平废
4991,刁共刁
4992,刁x平
4993,刁xx
4994,刁Ming泽
4995,刁J平
4996,刁JINPING
4997,刁boss
4998,刁大哥
4999,刁近痞
5000,刁近ping
5001,刁近p
5002,刁尽萍
5003,刁尽平
5004,刁金萍
5005,刁贱平
5006,刁建平
5007,刁见平
5008,刁皇帝
5009,刁正宁
5010,刁王储
5011,刁太阳
5012,刁氏家族
5013,刁孪配
5014,刁李
5015,刁老总
5016,刁扛把子
5017,主刁
5018,正邪猪刁
5019,刁大胖子
5020,刁爷爷
5021,刁富平
5022,刁假博士
5023,刁劲平
5024,刁双子
5025,刁以为常
5026,傻逼刁总
5027,刁敬平
5028,刁酒主席
5029,姓习的
5030,大大习
5031,习da大
5032,习明语
5033,习安安
5034,习阿哥
5035,习负
5036,习付
5037,习校长
5038,习先生
5039,习某
5040,习扛把子
5041,席主习
5042,习宗长
5043,习老先生
5044,xi大
5045,大除XI
5046,xi主xi
5047,X1平平
5048,XI副
5049,小习
5050,小习同志
5051,习总统
5052,习副
5053,席老大
5054,习主席
5055,习老大
5056,习同学
5057,xjin平
5058,xijp 
5059,Xi哥
5060,X主席
5061,x平平
5062,阿刁
5063,习大郎
5064,习嗒嗒
5065,习呆子
5066,x大大
5067,x近平
5068,x总书记
5069,x书记
5070,xi主席
5071,xi近平
5072,xi总书记
5073,xi书记
5074,习近
5075,习派
5076,歪脖包子
5077,包子歪脖
5078,散财包子
5079,包子散财
5080,大昏君
5081,大犬
5082,习近平时代
5083,习江
5084,习胡
5085,习薄
5086,习彭
5087,习组长
5088,习小组长
5089,傻炊习爹
5090,习一上台
5091,习李时代
5092,习李朝
5093,小习子
5094,习近平万岁
5095,习主席万岁
5096,习总万岁
5097,习大大万岁
5098,刁大大万岁
5099,大大上合
5100,习李组
5101,合庆丰包子铺老板习近平呢
5102,自信帝
5103,席大头
5104,席大爷
5105,席大包子
5106,庆丰刁帝
5107,刁某人
5108,西大大
5109,你大大
5110,xijingping
5111,苞仔
5112,包总书记
5113,陕北梁家河包子真丢人
5114,包子丢人
5115,轻关易道
5116,包子露馅
5117,能潮儿
5118,知青帮
5119,工农兵大学生
5120,一体阀气狗
5121,星空户外商城
5122,PCP板球气步枪
5123,中握秃结构图
5124,工字QB88
5125,猎杀刀专卖网
5126,董姐名刀网
5127,野营开山刀具网
5128,玉华刀具网
5129,甘肃保安腰刀官网
5130,夹钢短刀专卖店
5131,保安腰刀折花刀官网
5132,君品名刃网
5133,户外阳江刀网
5134,医疗设备费发票
5135,装修费发票电微
5136,轴承不锈钢发票
5137,土木工程发票
5138,仿真发票网
5139,哪里可以弄到正规发票
5140,开宿迁咨询费
5141,代开建材票
5142,赵氏猎鹰弩官方网站
5143,猎鹰弩官网店
5144,变号王官方下载
5145,2017手机变号免费软件
5146,一手轨道料
5147,四大料
5148,CVV虚拟料
5149,CVV料站
5150,银行IC卡盗刷器
5151,海南哪能买到银行卡四件套
5152,101内储料
5153,小车万能拦截器
5154,汽车门锁拦截器
5155,小车门锁复制器
5156,高清电视棒
5157,改单软件
5158,快开工具网
5159,十字开锁器
5160,青花缘论坛
5161,啪客吧
5162,觅春网
5163,qm论坛
5164,狼友乐园
5165,六合皇冠彩票
5166,太湖字谜
5167,晚秋和值谜
5168,丹东一句定三码
5169,乐彩论坛
5170,牛彩网
5171,排三试机号
5172,超级大乐透
5173,金码走势图
5174,海燕策略研究论坛
5175,博久策略论坛
5176,爱赢彩票
5177,彩改单
5178,7彩27
5179,捷报比分网
5180,必博在线娱乐
5181,王中王玄机
5182,利来国际娱乐平台
5183,金牛国际线上娱乐官网
5184,贝斯特游戏平台
5185,PK10开奖直播
5186,香港马会资料一肖中特
5187,千亿国际娱乐平台
5188,一肖一码期期中
5189,白小姐一肖中特
5190,九州国际娱乐
5191,新博娱乐
5192,鸿利会娱乐网站
5193,太阳城集团
5194,千亿国际官网
5195,必赢彩票
5196,新e彩娱乐
5197,博彩导航评级网
5198,齐发国际娱乐
5199,乐高娱乐城
5200,富豪国际娱乐城
5201,乐通娱乐场
5202,188金博宝
5203,ATM国际娱乐
5204,MGM贵宾会
5205,帝皇娱乐城
5206,TT网投
5207,皇家彩票
5208,钻石娱乐国际
5209,金莎国际游戏官方网站
5210,趣博gobet
5211,888金沙赌场
5212,588万豪会娱乐
5213,聚赢娱乐
5214,澳博联盟
5215,蓝冠在线娱乐
5216,华盛顿娱乐平台
5217,鼎盛娱乐平台
5218,CA88亚洲娱乐网
5219,玛雅娱乐城
5220,鼎博网
5221,千亿在线娱乐城
5222,澳门永利线上平台
5223,tt线上娱乐
5224,亦博国际娱乐
5225,巨城娱乐平台
5226,新生娱乐平台
5227,伯爵线上娱乐
5228,金叶娱乐场
5229,大金娱乐平台
5230,皇虎国际娱乐
5231,华晨国际娱乐
5232,金博乐娱乐平台
5233,金都娱乐
5234,乐趣娱乐
5235,澳门娱银河乐城
5236,小勐拉皇城国际
5237,易游娱乐城
5238,金牌国际娱乐
5239,长滩国际娱乐场
5240,亚虎国际娱乐城
5241,藏金阁娱乐平台
5242,鸿胜国际娱乐
5243,1980娱乐平台
5244,畅博娱乐
5245,鑫宝国际娱乐平台
5246,皇朝至尊娱乐官网
5247,大有平台娱乐登录
5248,鸿福娱乐
5249,乐发娱乐
5250,森彩娱乐平台
5251,星濠娱乐
5252,利高娱乐平台
5253,博牛娱乐
5254,西湾娱乐平台
5255,世界娱乐
5256,喜乐国际娱乐在线
5257,众合娱乐
5258,欢乐国际娱乐
5259,连赢国际
5260,亚博国际娱乐
5261,伯爵娱乐平台
5262,新宝娱乐中心
5263,大富豪娱乐在线投注
5264,手机买码投注网站
5265,六个彩网上投注站
5266,红树林国际娱乐平台
5267,聚鑫城娱乐
5268,美高梅真人赌场
5269,长乐坊国际娱乐城
5270,AT娱乐
5271,马泰娱乐
5272,大旺777
5273,葡京现金直营网
5274,太阳城直营网
5275,菲皇娱乐平台
5276,三度论坛
5277,澳门金冠在线娱乐
5278,蓝宝石网络娱乐城
5279,壹号亚洲娱乐
5280,亚洲壹号娱乐
5281,多乐娱乐城
5282,澳门九五至尊
5283,红杉娱乐平台
5284,皇冠亚洲官网
5285,金八娱乐城
5286,雅虎国际娱乐平台
5287,正规国际娱乐平台
5288,欧亚国际娱乐平台
5289,寰亚国际娱乐平台
5290,天下国际娱乐诚信平台
5291,龙都娱乐平台
5292,汇众娱乐
5293,欢乐城平台
5294,果博东方三合一
5295,金仕博在线娱乐
5296,明發国际娱乐官网
5297,宝马线上娱乐博彩公司
5298,菲律宾赌城娱乐平台
5299,金佰利会娱乐
5300,菲律宾娱乐平台
5301,菲律宾赌场微投
5302,金百亿娱乐平台
5303,皇家娱乐网
5304,亿万先生平台
5305,亿万先生官网
5306,mr007
5307,乐趣在线娱乐
5308,金润娱乐城
5309,娱乐城线路检测中心
5310,海皇星娱乐城
5311,万得娱乐
5312,顶级娱乐平台
5313,万金娱乐平台
5314,365体育在线
5315,易胜博娱乐平台
5316,花花公子娱乐赌场
5317,欧洲娱乐城
5318,平博国际娱乐
5319,欧易博国际娱乐
5320,金域国际娱乐
5321,赢乐平台
5322,大总督娱乐
5323,任博国际
5324,888娛乐场
5325,金皇朝
5326,大喜国际娱乐
5327,总统线上娱乐
5328,博亿国际娱乐城
5329,西欧国际娱乐
5330,东森娱乐
5331,比博国际娱乐
5332,搏亿堂
5333,RB88娱乐
5334,百金会娱乐
5335,博亿堂国际娱乐平台
5336,星博城国际娱乐
5337,大众娱乐平台登录
5338,乐娱国际
5339,太阳红娱乐城
5340,缅甸蓝盾在线娱乐
5341,利来娱乐平台
5342,伟德1946
5343,游虎娱乐
5344,新海逸娱乐城
5345,博弈堂娱乐城
5346,王者荣耀娱乐城
5347,万科娱乐城
5348,龙都娱乐
5349,互博国际娱乐
5350,千盈国际
5351,sbf胜博发老虎机娱乐
5352,金百利娱乐城
5353,博升娱乐平台
5354,新运博国际网站
5355,名门娱乐网站
5356,彩至尊娱乐平台
5357,丰博娱乐平台
5358,封神国际娱乐平台
5359,菲律宾国际娱乐城
5360,瑞博娱乐平台
5361,金马国际娱乐平台
5362,搏天堂娱乐
5363,乐游娱乐
5364,汇丰线上娱乐
5365,帝都乐娱乐
5366,果敢娱乐
5367,众乐娱乐
5368,博升娱乐官网
5369,千龙娱乐城
5370,博虎娱乐平台
5371,爽8娱乐国际
5372,999全讯网
5373,千龙娱乐平台
5374,亚洲娱乐平台
5375,鸿博娱乐官网
5376,西欧国际娱乐平台
5377,乐虎在线娱乐
5378,royal88娱乐平台
5379,发发娱乐官方网站
5380,虎游国际娱乐
5381,月亮国际娱乐
5382,u乐娱乐平台登录
5383,英飞国际娱乐
5384,漫赢国际娱乐
5385,菲律宾沙龙会国际娱乐
5386,聚星娱乐登录
5387,网上国际娱乐
5388,龙8娱乐官网
5389,龙门娱乐国际
5390,汇盛国际娱乐
5391,逸达娱乐平台
5392,亚虎国际
5393,大喜娱乐
5394,游虎娱乐
5395,乐嬴娱乐城
5396,大奖国际娱乐平台
5397,英雄联盟娱乐城
5398,新葡京棋牌
5399,新金宝娱乐
5400,巨成国际娱乐
5401,如意阁娱乐
5402,pt电子
5403,ag电子
5404,mw电子
5405,大红鹰国际娱乐城
5406,龙都国际线上娱乐
5407,利来国际娱乐
5408,逍遥宫娱乐
5409,乐赢娱乐
5410,梦之城娱乐
5411,优乐国际
5412,虎途娱乐
5413,白老虎亚洲娱乐
5414,美金娱乐平台
5415,盈彩娱乐
5416,众鑫娱乐
5417,72棋牌
5418,葡京棋牌
5419,必赢亚洲娱乐
5420,通博国际娱乐
5421,虎博国际娱乐
5422,盈博国际娱乐
5423,城博国际娱乐
5424,通乐国际娱乐
5425,齐天国际娱乐
5426,盈乐博国际娱乐
5427,华亿国际娱乐
5428,永博国际娱乐
5429,易博娱乐
5430,传奇娱乐
5431,大玩客娱乐
5432,欢欢国际娱乐
5433,天天堂国际娱乐
5434,亿皇娱乐
5435,新博娱乐平台
5436,大发888平台
5437,加拿大幸运28
5438,大世界娱乐平台
5439,明发国际娱乐
5440,金宝娱乐平台
5441,喜乐国际娱乐
5442,大中华娱乐平台
5443,亨利国际娱乐
5444,bbin电子
5445,sg电子
5446,gns电子
5447,hb电子
5448,金都娱乐平台
5449,MG电子
5450,龙发国际娱乐
5451,英皇国际娱乐平台
5452,亚美娱乐
5453,新得利国际
5454,百万发娱乐
5455,世爵娱乐
5456,宝汇娱乐
5457,凯鑫娱乐
5458,万彩娱乐
5459,ca88亚洲城
5460,开元娱乐平台
5461,乐赢国际娱乐
5462,蓝冠在线娱乐平台
5463,唐人彩票
5464,聚富彩票
5465,万象城国际
5466,新生娱乐
5467,澳游娱乐城
5468,博悦娱乐
5469,齐发国际娱乐
5470,放心博平台
5471,亚博娱乐
5472,五湖四海
5473,紫金国际
5474,满源娱乐
5475,漫赢娱乐
5476,色天使色偷偷
5477,五月香福利网
5478,狼后传奇
5479,红杏社区
5480,牛B叉
5481,亚洲久草色鲁鲁
5482,亲亲草鲁鲁在线
5483,亚洲鲁鲁射
5484,国产日a在线
5485,久久加热视频哪里
5486,热中文热国产热综合
5487,日日嫂
5488,4虎影库
5489,床上xoxoxo视频日本
5490,884tt四虎影库大通知
5491,色姐妹插姐姐
5492,久草在线福利资源站久草在线免费视频在线观看
5493,页面升级访问
5494,久草在线福利资源总站
5495,插妹妹a片96
5496,天天啪在线视频
5497,桃花色在线影院
5498,UU福利社
5499,岛国影院
5500,男人天堂第四色
5501,最高的初体验
5502,风月征途猎美
5503,囚爱玩少女
5504,夜夜橾妹子
5505,1024小草
5506,色七七桃花综合网站
5507,东京热在线视频
5508,爱搞淫妹妹
5509,五姑娘导航
5510,久久6热在线视频
5511,妖媚福利网
5512,欧美哥哥妹妹乱插图
5513,爱媚萝莉
5514,色五哥免费视频
5515,得得爱在线视频
5516,69社区
5517,红杏社区论坛
5518,japanese在线home中国
5519,四虎影视库紧急大通知
5520,老司机精品视lsj
5521,英格尔的手扎
5522,我要爱久久影视
5523,海盗船宅男
5524,暗恋师傅的日常
5525,91福利屋
5526,超色网
5527,go2av
5528,琪琪热热色原无码
5529,我爱avhoe01
5530,爽歪歪视频网站
5531,色久久综合桃花网
5532,97超碰社区
5533,好屌妞视频
5534,百性色
5535,极乐宝盒
5536,橾射在线
5537,操幼幼吧
5538,猫色综合
5539,猫咪社区
5540,男人的天堂东京热
5541,一色屋视频
5542,骑兵射区
5543,快穿之女配势要扑倒男主
5544,万兽之国
5545,天堂鸟社区
5546,永乐町69号
5547,牛b叉AⅤ欧美
5548,AV天堂A
5549,可乐操在线视频
5550,亚洲人妻伦理
5551,犀利体福利网
5552,玖玖资源
5553,就是色影院
5554,全裸自拍表演
5555,王爷和长工的啪啪
5556,东凛30p无码
5557,米奇在线影院在线视频
5558,鲁大爷在线视频
5559,鲁大妈色情网在线视频
5560,免费视频播放器女人
5561,宜春院射死你天天日
5562,桃花阁在线视频
5563,GAV在线视频
5564,琪琪热热色原AV
5565,久久播
5566,男人天堂网新地址
5567,怡红院电影论坛
5568,久久热青青草
5569,奇米成人社区
5570,性盈盈在线影院
5571,肉感继母奸淫录
5572,淫源物语
5573,奇米小色哥
5574,狼人干伊人网
5575,弟也骚
5576,色无极影院网
5577,av色大妈综合网
5578,怡红院资源网
5579,天天射av综合网
5580,av狠狠干爱橾射在线
5581,色姐妹插姐姐
5582,初恋双人组
5583,鲁大妈网影院
5584,东方a∨在线
5585,亚洲久草色鲁鲁
5586,嘿咻影院
5587,FreeXX性欧美
5588,yellow字幕网
5589,草绿茶导航
5590,久久热大香蕉
5591,鲁大妈在线
5592,办公室诱与惑
5593,便携式短信群发器
5594,背包移动基站